t_s,gear,rpm,speed_kmh,throttle_pct,load_pct,coolant_c,oil_c,fuel_pct,baro_kpa,voltage_v,timing_deg
0.201,0,1195.5,0.0,16.1,,,,46.7,100.0,13.4,
0.406,0,1204.5,0.0,16.1,17.6,54.0,,,,,-5.5
0.608,0,1200.0,0.0,16.1,,,52.0,46.7,100.0,,
0.811,0,1204.5,0.0,16.1,17.6,,,,,13.5,-5.5
1.016,0,1197.0,0.0,16.1,,54.0,52.0,46.7,,,
1.193,0,1203.0,0.0,16.1,,,,,100.0,13.4,-5.5
1.469,0,1181.5,0.0,16.1,18.4,54.0,52.0,,,,
1.673,0,1186.0,0.0,16.1,,,,46.7,100.0,13.5,
1.876,0,1195.5,0.0,16.1,17.6,54.0,,,,,-4.5
2.071,0,1193.5,0.0,16.1,,,52.0,46.7,100.0,,
2.275,0,1188.5,0.0,16.1,18.0,,,,,13.5,-4.5
2.479,0,1195.5,0.0,16.1,,54.0,52.0,46.7,,,
2.730,0,1204.0,0.0,16.1,,,,,100.0,13.5,-4.5
2.873,0,1204.0,0.0,16.1,16.9,54.0,52.0,,,,
3.116,0,1206.5,0.0,16.1,,,,46.7,100.0,13.5,
3.319,0,1177.5,0.0,16.1,18.8,54.0,,,,,-4.0
3.568,0,1177.5,0.0,16.1,,,52.0,46.7,100.0,,
3.771,0,1194.5,0.0,16.1,18.8,,,,,13.5,-4.5
3.975,0,1201.0,0.0,16.1,,54.0,52.0,46.7,,,
4.180,0,1219.0,0.0,16.1,,,,,100.0,13.5,-5.5
4.341,0,1205.5,0.0,16.1,18.0,54.0,52.0,,,,
4.543,0,1210.5,0.0,16.1,,,,46.7,100.0,13.6,
4.741,0,1205.5,0.0,16.1,17.6,55.0,,,,,-4.5
4.923,0,1215.0,0.0,16.1,,,52.0,46.7,100.0,,
5.116,0,1215.0,0.0,16.1,18.4,,,,,13.6,-5.5
5.323,0,1196.5,0.0,42.0,,55.0,52.0,46.7,,,
5.568,0,2036.0,0.0,10.2,,,,,100.0,13.6,-7.0
5.804,0,2107.0,0.0,13.7,3.9,55.0,52.0,,,,
6.033,0,1803.5,0.0,14.9,,,,46.7,100.0,13.6,
6.203,0,1490.5,0.0,14.9,9.8,55.0,,,,,4.5
6.376,0,1338.0,0.0,16.5,,,52.0,46.7,100.0,,
6.583,0,1250.0,0.0,16.5,14.9,,,,,13.5,1.5
6.784,0,1257.5,0.0,15.7,,55.0,52.0,46.7,,,
6.999,0,1241.0,0.0,16.1,,,,,100.0,13.6,-2.5
7.269,0,1238.5,0.0,16.1,15.3,55.0,52.0,,,,
7.473,0,1224.5,0.0,16.1,,,,46.7,100.0,13.5,
7.633,0,1220.5,0.0,16.1,15.7,55.0,,,,,-4.5
7.900,0,1196.5,0.0,16.1,,,52.0,46.7,100.0,,
8.104,0,1209.0,0.0,16.1,16.5,,,,,13.6,-4.5
8.279,0,1202.0,0.0,40.4,,55.0,52.0,46.7,,,
8.484,0,2098.0,0.0,66.3,,,,,100.0,13.5,15.5
8.676,0,3998.0,0.0,17.3,12.5,55.0,52.0,,,,
8.861,0,3943.0,0.0,18.0,,,,46.7,100.0,13.6,
9.091,0,3444.5,0.0,17.6,3.1,56.0,,,,,6.0
9.279,0,2980.0,0.0,17.3,,,52.0,46.7,100.0,,
9.482,0,2569.0,0.0,16.5,2.4,,,,,13.6,-1.0
9.752,0,1807.5,0.0,14.9,,57.0,52.0,46.7,,,
10.006,0,1494.5,0.0,14.9,,,,,100.0,13.6,3.0
10.232,0,1353.5,0.0,16.5,12.5,56.0,52.0,,,,
10.436,0,1260.5,0.0,16.5,,,,46.7,100.0,13.6,
10.640,0,1237.5,0.0,16.1,15.7,56.0,,,,,0.0
10.820,0,1220.5,0.0,16.1,,,52.0,46.7,100.0,,
11.025,0,1220.0,0.0,15.7,15.7,,,,,13.6,-3.0
11.171,0,1221.0,0.0,15.7,,56.0,52.0,46.7,,,
11.336,0,1221.0,0.0,15.7,,,,,100.0,13.6,-4.5
11.506,0,1219.5,0.0,15.7,15.3,56.0,52.0,,,,
11.683,0,1215.0,0.0,15.7,,,,46.7,100.0,13.6,
11.885,0,1208.0,0.0,15.7,16.1,56.0,,,,,-4.0
12.155,0,1206.0,0.0,15.7,,,52.0,46.7,100.0,,
12.359,0,1186.5,0.0,15.7,16.5,,,,,13.6,-4.0
12.563,0,1192.0,0.0,15.7,,56.0,52.0,46.7,,,
12.799,0,1189.0,0.0,15.7,,,,,100.0,13.6,-4.5
12.936,0,1189.5,0.0,15.7,16.9,56.0,52.0,,,,
13.139,0,1189.5,0.0,15.7,,,,46.7,100.0,13.6,
13.399,0,1180.5,0.0,15.7,16.9,57.0,,,,,-4.5
13.601,0,1182.0,0.0,15.7,,,52.0,46.7,100.0,,
13.805,0,1188.5,0.0,15.7,16.5,,,,,13.6,-4.5
14.010,0,1199.0,0.0,15.7,,57.0,52.0,46.7,,,
14.280,0,1196.0,0.0,15.7,,,,,100.0,13.6,-5.5
14.480,0,1177.0,0.0,15.7,17.3,57.0,52.0,,,,
14.676,0,1191.0,0.0,15.7,,,,46.7,100.0,13.6,
14.833,0,1191.0,0.0,15.7,16.9,57.0,,,,,-4.5
15.016,0,1200.0,0.0,16.1,,,52.0,46.7,100.0,,
15.220,0,1185.0,0.0,16.1,18.0,,,,,13.6,-4.5
15.396,0,1179.5,0.0,15.7,,57.0,52.0,46.7,,,
15.573,0,1187.5,0.0,16.1,,,,,100.0,13.6,-4.5
15.774,0,1194.0,0.0,16.1,17.3,57.0,52.0,,,,
15.993,0,1205.5,0.0,16.1,,,,46.7,100.0,13.6,
16.199,0,1203.5,0.0,16.1,16.5,57.0,,,,,-6.0
16.436,0,1189.0,0.0,16.1,,,52.0,46.7,100.0,,
16.613,0,1188.0,0.0,16.1,17.3,,,,,13.5,-5.5
16.816,0,1205.0,0.0,16.1,,57.0,52.0,46.7,,,
17.055,0,1189.0,0.0,16.1,,,,,100.0,13.6,-5.5
17.233,0,1191.0,0.0,16.1,17.6,57.0,52.0,,,,
17.435,0,1182.0,0.0,16.1,,,,46.7,100.0,13.6,
17.639,0,1185.0,0.0,16.1,18.0,57.0,,,,,-5.5
17.809,0,1189.0,0.0,16.1,,,52.0,46.7,100.0,,
18.011,0,1191.5,0.0,16.1,17.3,,,,,13.6,-5.5
18.199,0,1200.0,0.0,16.1,,57.0,52.0,46.7,,,
18.373,0,1208.5,0.0,16.1,,,,,100.0,13.6,-5.5
18.575,0,1200.5,0.0,16.1,17.3,57.0,52.0,,,,
18.780,0,1196.0,0.0,16.1,,,,46.7,100.0,13.6,
18.983,0,1190.0,0.0,16.1,18.0,57.0,,,,,-5.5
19.146,0,1191.0,0.0,16.1,,,52.0,46.7,100.0,,
19.350,0,1184.0,0.0,16.1,18.0,,,,,13.6,-4.5
19.526,0,1194.0,0.0,16.1,,57.0,52.0,46.7,,,
19.699,0,1194.0,0.0,16.1,,,,,100.0,13.6,-4.5
19.940,0,1216.0,0.0,16.1,16.9,57.0,51.0,,,,
20.128,0,1216.0,0.0,16.1,,,,46.7,100.0,13.6,
20.384,0,1196.0,0.0,16.1,18.0,57.0,,,,,-5.5
20.649,0,1185.0,0.0,16.1,,,51.0,46.7,100.0,,
20.890,0,1200.0,0.0,16.1,16.9,,,,,13.6,-5.5
21.091,0,1220.5,0.0,16.1,,57.0,51.0,46.7,,,
21.266,0,1205.5,0.0,16.1,,,,,100.0,13.6,-6.0
21.441,0,1209.0,0.0,16.1,16.9,57.0,51.0,,,,
21.643,0,1190.5,0.0,16.1,,,,46.7,100.0,13.6,
21.806,0,1183.5,0.0,16.1,16.9,58.0,,,,,-5.5
21.966,0,1200.0,0.0,16.1,,,51.0,46.7,100.0,,
22.118,0,1195.5,0.0,16.1,17.6,,,,,13.6,-5.5
22.325,0,1192.5,0.0,16.1,,58.0,51.0,46.7,,,
22.518,0,1192.5,0.0,16.1,,,,,100.0,13.6,-5.5
22.751,0,1198.5,0.0,16.1,17.3,58.0,51.0,,,,
22.939,0,1191.5,0.0,16.1,,,,46.7,100.0,13.6,
23.108,0,1191.5,0.0,16.1,17.6,58.0,,,,,-5.5
23.311,0,1207.5,0.0,16.1,,,51.0,46.7,100.0,,
23.423,0,1202.5,0.0,16.1,17.3,,,,,13.6,-5.5
23.625,0,1190.0,0.0,16.1,,58.0,51.0,46.7,,,
23.800,0,1201.5,0.0,16.1,,,,,100.0,13.6,-5.5
24.108,0,1188.5,0.0,16.1,17.6,59.0,51.0,,,,
24.286,0,1189.0,0.0,16.1,,,,46.7,100.0,13.6,
24.595,0,1197.0,0.0,16.1,17.6,59.0,,,,,-5.5
24.799,0,1159.5,0.0,16.1,,,51.0,46.7,100.0,,
24.971,0,1199.0,0.0,16.1,18.8,,,,,13.6,-5.5
25.173,0,1198.5,0.0,16.1,,59.0,51.0,46.7,,,
25.375,0,1198.0,0.0,16.1,,,,,100.0,13.6,-5.5
25.546,0,1206.0,0.0,16.1,18.0,59.0,51.0,,,,
25.750,0,1190.0,0.0,16.1,,,,46.7,100.0,13.6,
25.958,0,1197.5,0.0,16.1,18.0,60.0,,,,,-5.5
26.199,0,1187.0,0.0,16.1,,,51.0,46.7,100.0,,
26.434,0,1207.5,0.0,16.1,17.6,,,,,13.6,-6.0
26.636,0,1211.5,0.0,16.1,,60.0,51.0,46.7,,,
26.821,0,1191.5,0.0,16.1,,,,,100.0,13.6,-5.5
27.025,0,1213.5,0.0,16.1,18.0,61.0,51.0,,,,
27.163,0,1204.0,0.0,16.1,,,,46.7,100.0,13.6,
27.366,0,1202.0,0.0,16.1,18.0,61.0,,,,,-5.5
27.569,0,1202.5,0.0,16.1,,,51.0,46.7,100.0,,
27.736,0,1194.0,0.0,16.1,17.6,,,,,13.6,-4.5
27.939,0,1189.0,0.0,16.1,,62.0,51.0,46.7,,,
28.257,0,1196.5,0.0,16.1,,,,,100.0,13.6,-5.5
28.526,0,1192.5,0.0,16.1,18.0,62.0,51.0,,,,
28.710,0,1200.0,0.0,16.1,,,,46.7,100.0,13.6,
28.886,0,1200.0,0.0,16.1,18.0,62.0,,,,,-5.5
29.090,0,1206.5,0.0,16.1,,,51.0,46.7,100.0,,
29.295,0,1183.5,0.0,16.1,19.2,,,,,13.6,-4.0
29.496,0,1209.5,0.0,16.1,,62.0,51.0,46.7,,,
29.703,0,1209.5,0.0,16.1,,,,,100.0,13.6,-4.5
29.905,0,1201.0,0.0,16.1,18.4,63.0,51.0,,,,
30.110,0,1200.5,0.0,16.1,,,,46.7,100.0,13.6,
30.343,0,1201.0,0.0,16.1,18.4,63.0,,,,,-4.5
30.544,0,1197.0,0.0,16.1,,,51.0,46.7,100.0,,
30.749,0,1215.5,0.0,16.1,17.6,,,,,13.6,-5.5
30.951,0,1217.5,0.0,16.1,,63.0,51.0,46.7,,,
31.139,0,1220.0,0.0,16.1,,,,,100.0,13.6,-5.5
31.341,0,1214.5,0.0,16.1,18.0,63.0,51.0,,,,
31.593,0,1193.5,0.0,16.1,,,,46.7,100.0,13.6,
31.795,0,1205.5,0.0,16.1,18.0,63.0,,,,,-5.5
31.999,0,1220.0,0.0,16.1,,,51.0,46.7,100.0,,
32.201,0,1194.0,0.0,16.1,18.0,,,,,13.6,-5.5
32.391,0,1174.5,0.0,16.1,,64.0,51.0,46.7,,,
32.594,0,1199.0,0.0,16.1,,,,,100.0,13.6,-5.5
32.829,0,1188.5,0.0,16.1,17.3,64.0,51.0,,,,
33.033,0,1201.0,0.0,16.1,,,,46.7,100.0,13.6,
33.211,0,1194.5,0.0,16.1,17.6,64.0,,,,,-5.5
33.399,0,1205.5,0.0,16.1,,,51.0,46.7,100.0,,
33.646,0,1202.0,0.0,16.1,18.0,,,,,13.6,-5.5
33.786,0,1193.5,0.0,16.1,,64.0,51.0,46.7,,,
34.055,0,1203.0,0.0,16.1,,,,,100.0,13.6,-5.5
34.303,0,1206.5,0.0,16.1,18.4,64.0,51.0,,,,
34.574,0,1182.0,0.0,16.1,,,,46.7,100.0,13.6,
34.829,0,1191.0,0.0,16.1,18.4,64.0,,,,,-5.5
35.033,0,1219.5,0.0,16.1,,,51.0,46.7,100.0,,
35.236,0,1219.0,0.0,16.1,17.6,,,,,13.6,-6.0
35.440,0,1206.5,0.0,16.1,,65.0,51.0,46.7,,,
35.641,0,1207.5,0.0,16.1,,,,,100.0,13.6,-5.5
35.849,0,1210.5,0.0,16.1,17.6,65.0,51.0,,,,
36.033,0,1211.0,0.0,16.1,,,,46.7,100.0,13.6,
36.303,0,1217.0,0.0,16.1,16.9,65.0,,,,,-6.0
36.509,0,1182.5,0.0,16.1,,,51.0,46.7,100.0,,
36.756,0,1182.5,0.0,16.1,18.0,,,,,13.6,-5.5
37.001,0,1209.5,0.0,16.1,,65.0,51.0,46.7,,,
37.221,0,1205.0,0.0,16.1,,,,,100.0,13.6,-5.5
37.424,0,1202.0,0.0,16.1,18.0,66.0,51.0,,,,
37.606,0,1191.0,0.0,16.1,,,,46.7,100.0,13.6,
37.829,0,1200.0,0.0,16.1,18.0,66.0,,,,,-5.5
38.071,0,1205.5,0.0,16.1,,,51.0,46.7,100.0,,
38.269,0,1210.0,0.0,18.0,23.5,,,,,13.7,-1.0
38.470,0,1376.5,0.0,17.6,,66.0,51.0,46.7,,,
38.645,0,1437.0,0.0,17.6,,,,,100.0,13.7,-4.5
38.846,0,1444.5,0.0,20.0,21.2,67.0,51.0,,,,
39.050,0,1473.0,0.0,20.0,,,,46.7,100.0,13.7,
39.261,0,1470.5,0.0,20.0,22.7,67.0,,,,,-5.5
39.463,0,1490.5,0.0,20.0,,,51.0,46.7,100.0,,
39.633,0,1499.0,0.0,19.2,21.2,,,,,13.7,-7.0
39.833,0,1479.0,1.0,19.2,,67.0,51.0,46.7,,,
40.036,0,1472.5,1.0,19.2,,,,,100.0,13.7,-6.0
40.240,0,1454.5,1.0,16.1,10.6,68.0,51.0,,,,
40.420,0,1363.5,1.0,17.6,,,,46.7,100.0,13.7,
40.620,0,1274.5,1.0,17.3,15.3,68.0,,,,,-12.0
40.783,0,1217.5,1.0,18.0,,,51.0,46.7,100.0,,
41.013,0,1217.5,1.0,18.0,17.6,,,,,13.7,-11.5
41.211,0,1208.5,1.0,17.6,,68.0,51.0,46.7,,,
41.383,0,1199.5,1.0,17.6,,,,,100.0,13.7,-12.0
41.586,0,1208.0,1.0,17.6,31.4,68.0,51.0,,,,
41.724,0,1426.5,1.0,18.4,,,,46.7,100.0,13.7,
41.926,0,1426.5,1.0,18.4,18.8,68.0,,,,,-7.5
42.091,0,1459.0,1.0,18.8,,,51.0,46.7,100.0,,
42.293,0,1459.0,1.0,18.8,24.7,,,,,13.7,-4.0
42.483,0,1411.5,1.0,18.4,,69.0,51.0,46.7,,,
42.685,0,1413.5,1.0,16.1,,,,,100.0,13.7,-11.5
42.833,0,1308.5,1.0,12.5,14.5,69.0,51.0,,,,
43.026,0,1228.5,1.0,13.7,,,,46.7,100.0,13.7,
43.276,0,1219.5,1.0,14.1,17.3,69.0,,,,,1.5
43.480,0,1193.0,1.0,13.7,,,51.0,46.7,100.0,,
43.628,0,1216.0,1.0,13.7,16.5,,,,,13.7,4.5
43.832,0,1197.5,1.0,13.7,,69.0,51.0,46.7,,,
44.020,0,1198.5,1.0,13.7,,,,,100.0,13.7,9.5
44.221,0,1196.0,0.0,13.7,16.9,70.0,51.0,,,,
44.484,0,1214.0,0.0,13.7,,,,46.7,100.0,13.7,
44.688,0,1200.0,0.0,13.3,12.2,70.0,,,,,4.5
44.851,0,1038.0,0.0,12.9,,,51.0,46.7,100.0,,
45.056,0,906.5,0.0,12.5,17.6,,,,,13.7,14.0
45.271,0,733.0,1.0,13.3,,71.0,51.0,46.7,,,
45.440,0,740.5,1.0,12.9,,,,,100.0,13.7,6.0
45.626,0,726.5,1.0,12.5,22.7,71.0,51.0,,,,
45.795,0,713.0,1.0,12.9,,,,46.7,100.0,13.7,
45.999,0,707.5,1.0,12.9,23.9,71.0,,,,,6.5
46.203,0,720.5,1.0,12.5,,,51.0,46.7,100.0,,
46.419,0,708.0,1.0,12.9,23.1,,,,,13.6,6.5
46.621,0,703.5,1.0,12.5,,72.0,51.0,46.7,,,
46.825,0,690.5,1.0,12.9,,,,,100.0,13.6,7.5
47.029,0,693.5,1.0,13.3,27.8,72.0,51.0,,,,
47.193,0,681.5,1.0,12.5,,,,46.7,100.0,13.7,
47.394,0,688.0,1.0,12.5,24.7,72.0,,,,,4.5
47.599,0,687.0,1.0,12.5,,,51.0,46.7,100.0,,
47.770,0,691.0,1.0,12.5,25.1,,,,,13.7,6.0
48.008,0,691.5,1.0,12.5,,73.0,51.0,46.7,,,
48.209,0,703.5,2.0,12.5,,,,,100.0,13.6,5.0
48.378,0,696.0,2.0,12.5,23.9,73.0,51.0,,,,
48.584,0,685.5,2.0,12.5,,,,46.7,100.0,13.7,
48.807,0,659.0,2.0,12.9,25.9,73.0,,,,,9.0
49.077,0,653.0,2.0,12.5,,,51.0,46.7,100.0,,
49.283,0,685.0,2.0,12.5,23.9,,,,,13.7,8.0
49.511,0,685.0,2.0,12.5,,73.0,51.0,46.7,,,
49.685,0,685.0,2.0,12.5,,,,,100.0,13.8,5.0
49.966,0,699.5,2.0,12.9,24.7,73.0,51.0,,,,
50.150,0,683.5,2.0,12.5,,,,46.7,100.0,13.7,
50.343,0,651.5,2.0,12.5,27.8,74.0,,,,,6.5
50.520,0,702.0,2.0,12.5,,,51.0,46.7,100.0,,
50.729,0,702.0,2.0,12.5,23.1,,,,,13.6,3.0
50.935,0,681.0,2.0,12.5,,74.0,51.0,46.7,,,
51.141,0,674.5,3.0,12.5,,,,,100.0,13.6,6.0
51.345,0,687.0,3.0,12.5,25.1,74.0,51.0,,,,
51.549,0,683.0,3.0,12.2,,,,46.7,100.0,13.7,
51.718,0,678.5,3.0,12.5,23.5,74.0,,,,,5.0
51.941,0,678.5,3.0,12.5,,,51.0,46.7,100.0,,
52.101,0,695.5,3.0,12.5,24.3,,,,,13.7,5.0
52.453,0,697.0,3.0,12.5,,74.0,51.0,46.7,,,
52.663,0,674.5,3.0,12.9,,,,,100.0,13.7,8.0
52.942,0,672.0,3.0,12.9,27.5,74.0,51.0,,,,
53.140,0,682.5,3.0,12.5,,,,46.7,100.0,13.7,
53.463,0,699.5,3.0,12.5,24.7,75.0,,,,,6.0
53.759,0,690.0,3.0,12.9,,,51.0,46.7,100.0,,
53.979,0,667.5,3.0,12.9,26.7,,,,,13.6,6.0
54.226,0,664.5,2.0,13.3,,75.0,51.0,46.7,,,
54.475,0,670.0,2.0,12.2,,,,,100.0,13.7,5.0
54.651,0,675.5,2.0,12.5,24.3,75.0,51.0,,,,
54.819,0,680.5,2.0,12.9,,,,46.7,100.0,13.7,
55.042,0,679.0,1.0,12.5,25.5,75.0,,,,,6.0
55.266,0,689.0,1.0,12.5,,,51.0,46.7,100.0,,
55.499,0,674.0,1.0,12.5,25.5,,,,,13.7,7.5
55.707,0,664.0,0.0,12.5,,75.0,51.0,46.7,,,
56.008,0,664.0,0.0,12.5,,,,,100.0,13.7,6.0
56.251,0,642.5,0.0,12.9,26.3,75.0,51.0,,,,
56.461,0,680.5,0.0,12.5,,,,46.7,100.0,13.7,
56.633,0,665.0,0.0,12.2,25.1,75.0,,,,,7.5
56.883,0,685.5,0.0,12.9,,,51.0,46.7,100.0,,
57.085,0,685.0,0.0,12.5,23.1,,,,,13.7,5.0
57.340,0,701.5,0.0,12.9,,75.0,51.0,46.7,,,
57.577,0,678.0,0.0,12.5,,,,,100.0,13.7,5.0
57.811,0,718.0,0.0,12.2,22.7,76.0,51.0,,,,
58.099,0,685.5,0.0,12.9,,,,46.7,100.0,13.7,
58.349,0,695.5,0.0,12.5,24.7,76.0,,,,,6.5
58.479,0,682.0,0.0,12.5,,,51.0,46.7,100.0,,
58.609,0,682.0,0.0,12.9,24.3,,,,,13.7,6.5
58.813,0,672.5,0.0,12.9,,76.0,51.0,46.7,,,
59.049,0,677.0,0.0,12.2,,,,,100.0,13.7,6.0
59.230,0,693.0,0.0,12.5,27.1,76.0,51.0,,,,
59.391,0,683.0,0.0,12.5,,,,46.7,100.0,13.6,
59.605,0,680.0,0.0,12.9,25.5,76.0,,,,,6.5
59.849,0,690.0,0.0,12.5,,,51.0,46.7,100.0,,
60.089,0,695.0,0.0,12.5,23.5,,,,,13.7,6.5
60.309,0,688.5,0.0,12.5,,76.0,51.0,46.7,,,
60.566,0,694.0,0.0,12.9,,,,,100.0,13.7,6.0
60.741,0,725.0,0.0,11.4,19.6,76.0,51.0,,,,
60.911,0,717.5,0.0,12.5,,,,46.7,100.0,13.7,
61.199,0,717.5,0.0,12.5,18.4,76.0,,,,,2.0
61.395,0,693.0,0.0,12.5,,,51.0,46.7,100.0,,
61.649,0,701.5,0.0,12.2,18.8,,,,,13.7,2.0
61.852,0,693.5,0.0,12.2,,76.0,51.0,46.7,,,
62.066,0,697.0,0.0,12.2,,,,,100.0,13.8,3.0
62.327,0,674.0,0.0,12.2,18.0,76.0,51.0,,,,
62.572,0,693.5,0.0,12.2,,,,46.7,100.0,13.8,
62.868,0,682.5,0.0,12.2,17.3,76.0,,,,,3.5
62.990,0,671.5,0.0,12.2,,,51.0,46.7,100.0,,
63.200,0,677.5,0.0,12.2,17.3,,,,,13.7,5.0
63.446,0,665.0,0.0,12.2,,77.0,51.0,46.7,,,
63.696,0,664.0,0.0,12.2,,,,,100.0,13.8,9.5
63.942,0,670.5,0.0,12.9,22.4,77.0,51.0,,,,
64.146,0,688.0,0.0,12.5,,,,46.7,100.0,13.7,
64.350,0,679.0,0.0,12.5,22.0,77.0,,,,,9.0
64.601,0,709.0,0.0,12.2,,,51.0,46.7,100.0,,
64.896,0,702.5,0.0,12.9,24.3,,,,,13.7,7.5
65.129,0,685.5,0.0,12.5,,77.0,51.0,46.7,,,
65.300,0,691.0,0.0,12.2,,,,,100.0,13.7,4.5
65.487,0,687.5,0.0,12.9,23.1,77.0,51.0,,,,
65.739,0,687.5,0.0,12.5,,,,46.7,100.0,13.7,
65.962,0,660.0,0.0,12.9,24.3,77.0,,,,,9.0
66.251,0,697.5,0.0,12.5,,,51.0,46.7,100.0,,
66.444,0,690.5,0.0,12.5,25.1,,,,,13.7,6.0
66.674,0,683.5,0.0,12.5,,77.0,51.0,46.7,,,
66.876,0,691.0,0.0,12.9,,,,,100.0,13.6,8.0
67.100,0,682.0,0.0,12.5,25.1,77.0,51.0,,,,
67.301,0,688.0,0.0,12.5,,,,46.7,100.0,13.8,
67.588,0,688.0,0.0,12.5,22.4,77.0,,,,,7.5
67.762,0,720.0,0.0,12.5,,,51.0,46.7,100.0,,
68.020,0,719.5,0.0,12.5,16.5,,,,,13.7,1.5
68.222,0,690.5,0.0,12.2,,77.0,51.0,46.7,,,
68.436,0,668.5,0.0,12.5,,,,,100.0,13.6,6.5
68.594,0,688.5,0.0,12.5,19.6,77.0,51.0,,,,
68.811,0,692.0,0.0,12.5,,,,46.7,100.0,13.7,
68.996,0,685.5,0.0,25.5,26.3,77.0,,,,,4.5
69.233,0,724.5,0.0,73.7,,,51.0,46.7,100.0,,
69.441,0,1401.0,0.0,16.1,28.6,,,,,13.7,-4.0
69.686,0,1765.0,0.0,18.8,,78.0,51.0,46.7,,,
69.970,0,1727.5,0.0,18.8,,,,,100.0,13.8,9.0
70.189,0,1661.5,1.0,18.4,27.5,78.0,51.0,,,,
70.449,0,1580.0,2.0,18.4,,,,46.7,100.0,13.8,
70.651,0,1566.0,2.0,18.0,28.6,78.0,,,,,10.5
70.891,0,1538.0,3.0,18.0,,,51.0,46.7,100.0,,
71.170,0,1501.5,4.0,18.0,29.4,,,,,13.8,11.0
71.338,0,1488.0,4.0,17.6,,78.0,51.0,46.7,,,
71.562,0,1470.5,5.0,17.6,,,,,100.0,13.8,12.0
71.860,0,1454.5,6.0,17.6,29.8,78.0,51.0,,,,
72.117,0,1452.0,6.0,17.6,,,,46.7,100.0,13.8,
72.320,0,1443.0,7.0,17.6,29.8,78.0,,,,,11.0
72.559,0,1479.5,8.0,17.6,,,51.0,46.7,100.0,,
72.749,0,1492.5,9.0,17.6,28.2,,,,,13.8,10.5
72.937,0,1495.5,9.0,17.6,,78.0,51.0,46.7,,,
73.133,0,1509.0,10.0,17.6,,,,,100.0,13.8,11.0
73.307,0,1509.0,10.0,17.6,29.0,78.0,51.0,,,,
73.469,0,1518.5,11.0,17.6,,,,46.7,100.0,13.8,
73.505,0,1518.5,11.0,17.6,27.5,78.0,,,,,10.5
73.524,0,1518.5,11.0,17.6,,,51.0,46.7,100.0,,
73.561,0,1518.5,11.0,17.6,27.1,,,,,13.7,10.5
73.704,0,1518.5,11.0,17.6,,78.0,51.0,46.7,,,
73.909,0,1509.5,12.0,17.6,,,,,100.0,13.8,12.0
74.042,0,1500.5,13.0,17.6,28.2,78.0,51.0,,,,
74.235,0,1500.5,13.0,17.6,,,,46.7,100.0,13.7,
74.430,0,1461.0,14.0,17.3,28.2,78.0,,,,,11.0
74.639,0,1516.5,14.0,17.6,,,51.0,46.7,100.0,,
74.861,0,1581.0,15.0,17.6,27.1,,,,,13.8,11.0
75.069,1,1589.0,15.0,17.6,,78.0,51.0,46.7,,,
75.277,1,1614.0,16.0,17.3,,,,,100.0,13.8,12.0
75.536,1,1681.0,16.0,15.7,26.3,78.0,51.0,,,,
75.736,1,1707.5,17.0,15.3,,,,46.7,100.0,13.8,
75.991,1,1790.5,17.0,13.3,14.9,78.0,,,,,24.0
76.185,1,1696.5,17.0,14.5,,,51.0,46.7,100.0,,
76.391,1,1732.5,16.0,14.5,7.1,,,,,13.8,6.5
76.596,1,1647.5,16.0,14.5,,78.0,51.0,46.7,,,
76.839,1,1632.5,15.0,14.5,,,,,100.0,13.8,10.5
77.071,1,1573.0,15.0,14.1,9.8,78.0,51.0,,,,
77.239,1,1556.0,15.0,14.1,,,,46.7,100.0,13.8,
77.527,1,1544.0,14.0,14.1,12.9,78.0,,,,,18.0
77.732,1,1474.5,14.0,13.7,,,51.0,46.7,100.0,,
77.921,1,1503.5,14.0,13.7,14.1,,,,,13.8,21.0
78.119,1,1503.5,14.0,13.7,,79.0,51.0,46.7,,,
78.321,1,1451.0,14.0,13.7,,,,,100.0,13.8,21.5
78.529,1,1453.5,14.0,13.7,14.9,79.0,51.0,,,,
78.696,1,1445.0,14.0,13.7,,,,46.7,100.0,13.8,
78.940,1,1420.5,14.0,13.7,15.7,79.0,,,,,24.0
79.117,1,1416.5,13.0,13.7,,,51.0,46.7,100.0,,
79.321,1,1416.5,14.0,13.7,15.7,,,,,13.8,24.5
79.533,1,1423.0,13.0,13.7,,79.0,52.0,46.7,,,
79.695,1,1423.0,13.0,13.7,,,,,100.0,13.8,26.0
79.846,1,1422.5,13.0,13.3,16.1,79.0,52.0,,,,
80.035,1,1414.5,13.0,13.3,,,,46.7,100.0,13.8,
80.235,1,1419.5,13.0,13.3,16.9,80.0,,,,,30.0
80.410,1,1417.5,13.0,13.3,,,52.0,46.7,100.0,,
80.637,1,1401.5,13.0,13.3,17.3,,,,,13.8,33.5
80.860,1,1416.5,13.0,13.3,,80.0,52.0,46.7,,,
81.010,1,1412.0,13.0,13.3,,,,,100.0,13.8,40.5
81.156,1,1440.5,14.0,13.7,17.6,80.0,52.0,,,,
81.367,1,1435.5,14.0,13.7,,,,46.7,100.0,13.8,
81.576,1,1467.5,14.0,13.7,18.8,81.0,,,,,42.0
81.783,1,1448.0,14.0,15.7,,,52.0,46.7,100.0,,
81.912,1,1448.0,14.0,14.9,22.7,,,,,13.8,42.0
82.139,1,1527.5,14.0,14.9,,81.0,52.0,46.7,,,
82.344,1,1573.5,15.0,14.9,,,,,100.0,13.8,48.0
82.546,1,1617.0,15.0,14.9,22.4,81.0,52.0,,,,
82.752,1,1625.0,16.0,14.9,,,,46.7,100.0,13.8,
82.959,1,1673.5,16.0,14.9,22.0,82.0,,,,,50.0
83.151,1,1720.0,16.0,14.9,,,52.0,46.7,100.0,,
83.340,1,1747.5,17.0,15.3,21.6,,,,,13.7,51.5
83.545,1,1797.0,17.0,15.3,,82.0,52.0,46.7,,,
83.830,1,1820.0,17.0,13.3,,,,,100.0,13.8,0.0
84.061,1,1567.5,17.0,14.1,4.7,82.0,52.0,,,,
84.325,1,1340.0,17.0,13.3,,,,46.7,100.0,13.7,
84.532,1,972.0,17.0,12.9,6.7,82.0,,,,,-3.0
84.711,1,841.5,17.0,12.2,,,52.0,46.7,100.0,,
84.890,1,841.5,17.0,12.2,12.2,,,,,13.7,3.5
85.052,1,794.5,16.0,11.8,,82.0,52.0,46.7,,,
85.282,0,770.5,16.0,11.8,,,,,100.0,13.8,6.0
85.456,0,752.0,16.0,11.8,14.9,82.0,52.0,,,,
85.711,0,730.5,16.0,11.8,,,,46.7,100.0,13.7,
85.879,0,735.0,16.0,11.8,14.9,82.0,,,,,7.5
86.149,0,721.5,16.0,11.8,,,52.0,46.7,100.0,,
86.351,0,701.5,15.0,11.8,15.3,,,,,13.8,9.0
86.556,0,697.5,15.0,11.8,,82.0,52.0,46.7,,,
86.789,0,666.0,15.0,12.2,,,,,100.0,13.6,12.0
87.070,0,694.0,15.0,11.4,16.1,83.0,52.0,,,,
87.291,0,674.5,15.0,11.8,,,,46.7,100.0,13.8,
87.492,0,674.5,15.0,11.8,15.7,83.0,,,,,7.5
87.699,0,679.5,15.0,11.8,,,52.0,46.7,100.0,,
87.949,0,691.5,15.0,12.5,18.8,,,,,13.7,11.0
88.276,0,645.5,14.0,12.9,,83.0,52.0,46.7,,,
88.433,0,673.5,14.0,11.8,,,,,100.0,13.8,4.5
88.630,0,653.0,14.0,12.2,19.2,83.0,52.0,,,,
88.859,0,674.5,14.0,11.4,,,,46.7,100.0,13.8,
89.120,0,658.0,13.0,11.8,18.8,83.0,,,,,9.0
89.301,0,664.5,12.0,12.2,,,52.0,46.7,100.0,,
89.509,0,674.5,12.0,11.8,16.9,,,,,13.8,5.0
89.708,0,693.0,11.0,12.2,,84.0,52.0,46.7,,,
89.914,0,669.0,11.0,11.8,,,,,100.0,13.8,6.0
90.090,0,677.0,11.0,11.8,18.0,84.0,52.0,,,,
90.356,0,671.0,10.0,12.2,,,,46.7,100.0,13.8,
90.530,0,672.0,10.0,12.2,18.0,84.0,,,,,6.5
90.682,0,672.0,10.0,12.2,,,52.0,46.7,100.0,,
90.842,0,674.5,9.0,12.2,18.0,,,,,13.8,7.5
91.021,0,691.0,9.0,11.8,,85.0,52.0,46.7,,,
91.161,0,689.5,9.0,12.2,,,,,100.0,13.8,5.0
91.366,0,678.5,8.0,11.8,17.6,85.0,52.0,,,,
91.567,0,713.5,8.0,11.4,,,,46.7,100.0,13.8,
91.772,0,694.5,7.0,12.2,16.5,85.0,,,,,5.0
91.974,0,673.0,7.0,12.2,,,52.0,46.7,100.0,,
92.206,0,687.0,6.0,11.8,17.6,,,,,13.8,6.5
92.385,0,683.0,6.0,12.2,,85.0,52.0,46.7,,,
92.587,0,696.5,5.0,11.4,,,,,100.0,13.7,6.5
92.721,0,691.0,5.0,12.2,16.9,85.0,52.0,,,,
92.900,0,691.0,4.0,11.8,,,,46.7,100.0,13.7,
93.033,0,681.5,4.0,12.2,18.0,85.0,,,,,6.5
93.135,0,684.5,3.0,12.2,,,52.0,46.7,100.0,,
93.339,0,703.5,3.0,11.4,16.1,,,,,13.7,4.5
93.541,0,700.5,2.0,12.2,,85.0,52.0,46.7,,,
93.744,0,682.0,1.0,11.8,,,,,100.0,13.7,5.0
93.951,0,694.5,1.0,11.8,16.1,86.0,52.0,,,,
94.216,0,672.0,0.0,12.2,,,,46.7,100.0,13.7,
94.441,0,690.5,0.0,12.2,16.9,86.0,,,,,5.0
94.714,0,671.5,0.0,11.8,,,52.0,46.7,100.0,,
94.982,0,681.0,0.0,12.2,17.6,,,,,13.7,6.5
95.140,0,680.0,0.0,11.8,,86.0,52.0,46.7,,,
95.330,0,680.0,0.0,12.2,,,,,100.0,13.8,6.5
95.510,0,682.5,0.0,11.4,16.9,86.0,52.0,,,,
95.672,0,682.5,0.0,12.2,,,,46.7,100.0,13.8,
95.874,0,702.0,0.0,11.8,17.3,86.0,,,,,3.5
96.166,0,692.5,0.0,11.8,,,52.0,46.7,100.0,,
96.351,0,682.5,0.0,11.8,16.9,,,,,13.8,9.0
96.491,0,696.5,0.0,11.8,,86.0,52.0,46.7,,,
96.683,0,696.5,0.0,11.4,,,,,100.0,13.8,4.5
96.905,0,695.0,0.0,12.2,16.1,86.0,52.0,,,,
97.046,0,709.0,0.0,11.8,,,,46.7,100.0,13.7,
97.267,0,688.5,0.0,12.2,16.1,86.0,,,,,6.5
97.516,0,691.5,0.0,11.8,,,52.0,46.7,100.0,,
97.651,0,700.5,0.0,12.5,18.8,,,,,13.7,10.5
97.795,0,683.0,0.0,11.8,,86.0,52.0,46.7,,,
98.071,0,673.5,0.0,12.2,,,,,100.0,13.8,6.5
98.260,0,676.5,0.0,11.8,16.9,86.0,52.0,,,,
98.430,0,673.5,0.0,11.8,,,,46.7,100.0,13.8,
98.591,0,654.5,0.0,12.5,18.8,86.0,,,,,11.0
98.766,0,695.5,0.0,11.4,,,52.0,46.7,100.0,,
99.000,0,688.5,0.0,12.2,16.9,,,,,13.8,5.0
99.176,0,674.0,0.0,12.2,,86.0,52.0,46.7,,,
99.341,0,683.0,0.0,11.8,,,,,100.0,13.7,5.0
99.525,0,687.0,0.0,12.2,17.3,86.0,52.0,,,,
99.710,0,695.0,0.0,11.8,,,,46.7,100.0,13.7,
99.911,0,695.0,0.0,12.2,15.7,86.0,,,,,5.0
100.116,0,701.5,0.0,12.2,,,52.0,46.7,100.0,,
100.317,0,701.0,0.0,12.5,16.5,,,,,13.8,6.0
100.561,0,696.0,0.0,11.8,,86.0,52.0,46.7,,,
100.811,0,688.5,0.0,12.5,,,,,100.0,13.7,5.0
101.002,0,687.5,0.0,12.2,15.7,86.0,52.0,,,,
101.166,0,684.0,0.0,12.5,,,,46.7,100.0,13.8,
101.351,0,688.0,0.0,12.2,16.1,86.0,,,,,6.0
101.546,0,689.5,0.0,12.5,,,52.0,46.7,100.0,,
101.732,0,672.0,0.0,12.5,17.3,,,,,13.8,8.0
101.916,0,672.0,0.0,12.2,,86.0,52.0,46.7,,,
102.121,0,671.0,0.0,12.2,,,,,100.0,13.8,7.5
102.349,0,683.0,0.0,12.5,18.4,86.0,52.0,,,,
102.551,0,667.5,0.0,12.5,,,,46.7,100.0,13.7,
102.709,0,770.0,0.0,20.8,36.9,86.0,,,,,18.0
102.911,0,770.0,0.0,12.5,,,52.0,46.7,100.0,,
103.122,0,1093.5,0.0,16.1,18.4,,,,,13.8,3.0
103.282,0,1327.0,1.0,15.7,,86.0,52.0,46.7,,,
103.484,0,1295.5,1.0,15.7,,,,,100.0,13.8,9.5
103.671,0,1270.0,2.0,15.7,19.6,86.0,52.0,,,,
103.886,0,1307.0,2.0,17.6,,,,46.7,100.0,13.7,
104.118,0,1433.0,3.0,17.3,23.1,86.0,,,,,6.0
104.401,0,1428.0,4.0,17.3,,,52.0,46.7,100.0,,
104.609,0,1380.0,5.0,16.9,29.0,,,,,13.8,15.5
104.879,0,1394.0,6.0,16.9,,86.0,52.0,46.7,,,
105.042,0,1386.5,7.0,16.9,,,,,100.0,13.8,12.0
105.206,0,1356.0,8.0,17.3,29.4,86.0,52.0,,,,
105.389,0,1347.5,8.0,17.6,,,,46.7,100.0,13.7,
105.596,0,1328.0,9.0,18.0,32.9,86.0,,,,,13.5
105.800,0,1315.0,10.0,18.0,,,52.0,46.7,100.0,,
106.007,0,1271.5,10.0,17.6,39.2,,,,,13.8,14.0
106.291,0,1228.5,11.0,18.0,,86.0,52.0,46.7,,,
106.522,0,1242.0,12.0,17.6,,,,,100.0,13.7,9.0
106.691,0,1289.5,13.0,18.4,35.7,87.0,52.0,,,,
106.866,0,1377.0,13.0,18.4,,,,46.7,100.0,13.7,
107.067,0,1428.0,14.0,18.0,40.0,87.0,,,,,15.5
107.255,0,1490.5,14.0,18.0,,,52.0,46.7,100.0,,
107.442,0,1588.0,15.0,18.0,37.6,,,,,13.8,18.0
107.737,1,1630.0,16.0,18.0,,87.0,52.0,46.7,,,
107.960,1,1681.5,16.0,18.0,,,,,100.0,13.8,16.5
108.212,1,1798.5,17.0,18.4,33.7,87.0,52.0,,,,
108.482,1,1805.0,18.0,18.8,,,,46.7,100.0,13.8,
108.666,1,1911.0,18.0,19.2,35.7,87.0,,,,,26.0
108.917,1,1953.0,19.0,19.2,,,52.0,46.7,100.0,,
109.111,1,2119.5,20.0,18.8,34.9,,,,,13.8,45.0
109.299,1,2119.5,21.0,18.8,,88.0,52.0,46.7,,,
109.483,1,2179.5,21.0,18.8,,,,,100.0,13.8,47.0
109.701,1,2251.5,22.0,18.8,31.4,88.0,52.0,,,,
109.962,1,2308.5,23.0,13.3,,,,46.7,100.0,13.7,
110.142,1,1981.0,22.0,14.9,4.7,88.0,,,,,3.0
110.379,1,1750.0,21.0,14.9,,,52.0,46.7,100.0,,
110.645,0,1546.0,20.0,14.1,8.6,,,,,13.6,-2.5
110.899,0,1436.0,20.0,18.4,,88.0,52.0,46.7,,,
111.102,0,1286.5,20.0,21.6,,,,,100.0,13.7,30.5
111.370,0,1296.0,21.0,19.2,52.9,88.0,52.0,,,,
111.617,0,1310.0,22.0,19.6,,,,46.7,100.0,13.7,
111.883,0,1349.0,23.0,20.8,54.5,88.0,,,,,26.0
112.070,0,1399.5,23.0,20.8,,,52.0,46.7,100.0,,
112.279,0,1450.5,24.0,22.0,57.6,,,,,13.7,26.0
112.525,2,1511.0,25.0,21.6,,89.0,52.0,46.7,,,
112.641,2,1555.5,26.0,21.6,,,,,100.0,13.7,23.0
112.816,2,1590.0,26.0,21.6,56.5,89.0,52.0,,,,
113.056,2,1645.0,27.0,21.6,,,,46.7,100.0,13.7,
113.260,2,1693.0,28.0,21.6,54.9,89.0,,,,,29.0
113.466,2,1723.0,29.0,21.6,,,52.0,46.7,100.0,,
113.775,2,1757.0,30.0,22.0,53.7,,,,,13.6,30.5
114.026,2,1861.5,31.0,22.0,,89.0,52.0,46.7,,,
114.201,2,1885.0,31.0,22.0,,,,,100.0,13.6,33.0
114.369,2,1939.5,32.0,22.0,52.2,89.0,52.0,,,,
114.560,2,1948.0,32.0,22.4,,,,46.7,100.0,13.6,
114.762,2,1990.0,33.0,22.7,52.2,89.0,,,,,32.0
115.107,2,2020.0,33.0,22.7,,,52.0,46.7,100.0,,
115.311,2,2074.5,35.0,23.1,52.2,,,,,13.6,33.0
115.567,2,2135.5,35.0,24.7,,89.0,52.0,46.7,,,
115.757,2,2212.0,36.0,25.1,,,,,100.0,13.6,24.5
116.083,2,2234.5,37.0,25.5,54.9,89.0,52.0,,,,
116.375,2,2347.0,39.0,25.5,,,,46.7,100.0,13.6,
116.616,2,2405.5,40.0,25.9,55.3,89.0,,,,,33.0
116.817,2,2478.5,41.0,25.9,,,53.0,46.7,100.0,,
117.021,2,2495.5,42.0,24.7,54.5,,,,,13.6,33.5
117.290,2,2744.5,43.0,25.1,,89.0,53.0,46.7,,,
117.460,2,2647.5,44.0,25.1,,,,,100.0,13.6,27.0
117.706,2,2692.5,45.0,25.1,50.2,89.0,53.0,,,,
117.911,2,2834.5,47.0,28.2,,,,46.7,100.0,13.6,
118.114,2,2834.5,48.0,28.6,60.8,89.0,,,,,30.0
118.302,2,2920.5,49.0,28.2,,,53.0,46.7,100.0,,
118.512,2,3005.0,51.0,27.8,59.6,,,,,13.6,35.0
118.679,2,3073.5,52.0,28.2,,89.0,53.0,46.7,,,
118.883,2,3167.0,53.0,28.2,,,,,100.0,13.6,35.0
119.084,2,3245.5,54.0,28.2,60.4,89.0,53.0,,,,
119.313,2,3316.0,56.0,28.2,,,,46.7,100.0,13.6,
119.546,2,3449.0,57.0,28.6,62.0,89.0,,,,,35.0
119.779,2,3527.0,58.0,28.6,,,53.0,45.1,100.0,,
120.049,2,3601.5,60.0,29.0,62.4,,,,,13.6,36.5
120.251,2,3680.0,61.0,27.1,,89.0,53.0,45.1,,,
120.435,2,3729.5,62.0,25.1,,,,,100.0,13.6,39.0
120.641,2,3764.0,63.0,24.3,43.5,88.0,53.0,,,,
120.810,2,3787.5,63.0,23.1,,,,45.1,100.0,13.6,
120.971,2,3796.0,63.0,20.8,33.3,85.0,,,,,45.5
121.172,2,3799.0,63.0,21.2,,,54.0,45.1,100.0,,
121.337,2,3779.0,63.0,20.4,26.3,,,,,13.6,48.5
121.606,2,3753.5,62.0,21.2,,82.0,54.0,45.1,,,
121.882,2,3750.0,62.0,21.2,,,,,100.0,13.6,46.5
122.055,2,3738.5,62.0,17.3,20.0,79.0,54.0,,,,
122.259,2,3721.5,62.0,17.3,,,,45.1,100.0,13.7,
122.401,2,3705.5,61.0,18.0,14.1,78.0,,,,,50.0
122.605,2,3688.5,61.0,18.4,,,54.0,45.1,100.0,,
122.800,2,3660.5,61.0,18.4,15.3,,,,,13.7,48.5
123.009,2,3625.5,60.0,18.4,,77.0,54.0,45.1,,,
123.149,2,3566.5,59.0,17.6,,,,,100.0,13.6,30.0
123.390,2,3473.5,58.0,18.0,5.9,76.0,54.0,,,,
123.624,2,3458.0,57.0,21.6,,,,45.1,100.0,13.7,
123.830,2,3353.5,55.0,19.2,0.0,75.0,,,,,2.0
124.001,2,3257.5,54.0,18.8,,,54.0,45.1,100.0,,
124.176,2,3177.5,53.0,19.2,0.0,,,,,13.7,3.0
124.446,2,3087.0,51.0,19.2,,74.0,55.0,45.1,,,
124.650,2,3007.0,49.0,18.8,,,,,100.0,13.7,2.0
124.816,2,2919.0,48.0,18.8,0.0,74.0,55.0,,,,
125.021,2,2843.5,47.0,18.8,,,,45.1,100.0,13.7,
125.271,2,2757.0,45.0,18.4,0.0,74.0,,,,,3.5
125.475,2,2677.0,44.0,18.4,,,55.0,46.7,100.0,,
125.677,2,2593.5,42.0,18.0,0.0,,,,,13.7,4.5
125.949,2,2509.5,40.0,18.0,,73.0,55.0,46.7,,,
126.241,2,2349.0,39.0,17.6,,,,,100.0,13.7,2.0
126.507,2,2274.5,37.0,14.1,0.0,73.0,55.0,,,,
126.710,2,2153.0,35.0,15.3,,,,46.7,100.0,13.7,
126.906,2,2153.0,35.0,15.3,14.9,72.0,,,,,30.0
127.110,2,2081.0,34.0,15.3,,,55.0,46.7,100.0,,
127.306,2,2042.5,33.0,15.3,16.1,,,,,13.7,45.0
127.545,2,2015.0,33.0,15.7,,72.0,55.0,46.7,,,
127.777,2,1961.5,31.0,24.3,,,,,100.0,13.7,42.5
127.983,2,2692.5,31.0,10.2,9.8,72.0,56.0,,,,
128.210,2,2559.5,30.0,16.9,,,,46.7,100.0,13.7,
128.444,0,2356.0,28.0,16.1,5.5,72.0,,,,,1.5
128.649,0,2170.5,27.0,15.7,,,56.0,46.7,100.0,,
128.852,0,2292.5,26.0,16.1,3.9,,,,,13.7,2.0
129.094,0,2151.0,25.0,15.3,,72.0,56.0,46.7,,,
129.326,0,1973.0,24.0,14.9,,,,,100.0,13.7,3.0
129.636,0,1740.0,23.0,16.5,17.3,72.0,57.0,,,,
129.905,0,1794.5,23.0,18.0,,,,46.7,100.0,13.7,
130.107,0,1271.0,23.0,40.0,66.3,72.0,,,,,27.0
130.339,0,1426.5,24.0,39.2,,,57.0,46.7,100.0,,
130.483,0,1586.0,26.0,37.3,89.0,,,,,13.7,12.0
130.662,0,1586.0,27.0,34.9,,72.0,58.0,46.7,,,
130.921,2,1672.5,29.0,34.9,,,,,100.0,13.7,14.0
131.133,2,1768.0,31.0,37.3,81.2,72.0,58.0,,,,
131.335,2,1970.0,33.0,38.8,,,,46.7,100.0,13.7,
131.595,2,2062.5,34.0,31.0,78.0,72.0,,,,,21.5
131.749,2,2170.0,36.0,29.8,,,58.0,46.7,100.0,,
131.786,2,2170.0,37.0,29.4,73.3,,,,,13.6,23.0
131.822,2,2170.0,37.0,29.4,,72.0,58.0,46.7,,,
131.861,2,2261.5,37.0,29.0,,,,,100.0,13.6,25.5
131.872,2,2261.5,37.0,28.6,71.0,72.0,59.0,,,,
132.016,2,2261.5,38.0,28.2,,,,46.7,100.0,13.6,
132.286,2,2344.5,39.0,26.3,60.0,72.0,,,,,30.5
132.499,2,2420.0,41.0,23.9,,,59.0,46.7,100.0,,
132.702,2,2476.5,41.0,22.7,48.2,,,,,13.6,35.0
132.926,2,2517.5,42.0,20.0,,73.0,59.0,46.7,,,
133.130,2,2554.5,42.0,17.6,,,,,100.0,13.6,44.0
133.359,2,2554.5,42.0,18.8,27.8,73.0,60.0,,,,
133.566,2,2534.5,42.0,15.7,,,,46.7,100.0,13.6,
133.796,2,2504.0,41.0,16.9,18.8,73.0,,,,,51.5
134.069,2,2474.5,41.0,16.9,,,60.0,46.7,100.0,,
134.288,2,2436.0,40.0,16.5,18.0,,,,,13.6,50.0
134.491,2,2410.5,39.0,16.5,,73.0,61.0,46.7,,,
134.719,2,2371.5,39.0,16.5,,,,,100.0,13.6,50.0
134.921,2,2345.0,38.0,16.5,18.4,73.0,61.0,,,,
135.157,2,2313.5,38.0,16.5,,,,46.7,100.0,13.6,
135.361,2,2258.5,37.0,16.5,18.8,73.0,,,,,50.0
135.557,2,2223.5,37.0,16.1,,,61.0,46.7,100.0,,
135.796,2,2200.5,36.0,16.5,19.6,,,,,13.6,51.0
135.975,2,2167.0,36.0,18.0,,74.0,61.0,46.7,,,
136.180,2,2148.5,35.0,17.3,,,,,100.0,13.6,48.5
136.449,2,2129.0,35.0,17.6,25.5,74.0,60.0,,,,
136.721,2,2114.0,35.0,17.6,,,,46.7,100.0,13.6,
136.926,2,2098.5,35.0,17.6,27.8,74.0,,,,,48.5
137.117,2,2098.5,34.0,18.4,,,60.0,46.7,100.0,,
137.325,2,2092.5,34.0,18.8,31.8,,,,,13.6,46.5
137.579,2,2100.0,35.0,20.0,,74.0,60.0,46.7,,,
137.767,2,2122.5,35.0,20.4,,,,,100.0,13.6,42.0
138.037,2,2161.5,36.0,23.1,44.3,74.0,60.0,,,,
138.307,2,2170.5,36.0,22.0,,,,46.7,100.0,13.7,
138.536,2,2284.0,37.0,22.4,46.7,74.0,,,,,38.0
138.809,2,2346.5,38.0,23.5,,,60.0,46.7,100.0,,
139.066,2,2383.5,40.0,23.1,47.8,,,,,13.7,36.5
139.305,2,2446.0,41.0,23.5,,74.0,60.0,46.7,,,
139.509,2,2565.0,42.0,23.5,,,,,100.0,13.6,36.5
139.737,2,2565.0,43.0,23.1,47.5,74.0,60.0,,,,
139.942,2,2664.5,44.0,20.4,,,,46.7,100.0,13.6,
140.145,2,2607.5,44.0,13.7,5.5,75.0,,,,,3.0
140.393,2,2376.5,44.0,16.1,,,60.0,46.7,100.0,,
140.621,2,2144.5,43.0,15.3,4.3,,,,,13.7,3.0
140.935,2,1926.5,43.0,14.9,,75.0,60.0,46.7,,,
141.186,2,1491.5,42.0,14.1,,,,,100.0,13.6,-3.0
141.429,2,1262.5,42.0,13.7,5.1,75.0,60.0,,,,
141.636,2,1079.0,41.0,12.9,,,,46.7,100.0,13.6,
141.885,2,925.5,41.0,12.5,9.4,76.0,,,,,-1.5
142.046,2,848.0,40.0,12.2,,,60.0,46.7,100.0,,
142.305,0,889.0,40.0,13.3,16.5,,,,,13.7,16.5
142.508,0,1352.0,40.0,13.7,,76.0,60.0,46.7,,,
142.796,0,1352.5,39.0,13.7,,,,,100.0,13.7,22.5
143.057,4,1361.0,39.0,17.6,19.2,77.0,59.0,,,,
143.261,4,1371.5,39.0,18.8,,,,46.7,100.0,13.7,
143.495,4,1369.5,39.0,21.2,42.7,77.0,,,,,30.5
143.805,4,1400.0,39.0,21.6,,,59.0,46.7,100.0,,
144.009,4,1393.5,40.0,23.5,59.2,,,,,13.7,24.5
144.211,4,1421.0,41.0,22.4,,78.0,59.0,46.7,,,
144.442,4,1448.5,41.0,23.9,,,,,100.0,13.7,24.5
144.607,4,1477.0,42.0,23.5,65.1,78.0,59.0,,,,
144.855,4,1501.0,43.0,23.5,,,,45.1,100.0,13.7,
145.101,4,1520.0,43.0,23.5,63.9,78.0,,,,,19.5
145.332,4,1547.5,44.0,21.2,,,59.0,45.1,100.0,,
145.540,4,1547.5,44.0,20.0,52.5,,,,,13.7,11.0
145.809,4,1560.0,44.0,20.0,,79.0,59.0,45.1,,,
146.079,4,1561.0,45.0,17.3,,,,,100.0,13.7,23.0
146.283,4,1559.0,44.0,18.0,39.6,80.0,60.0,,,,
146.505,4,1564.0,44.0,18.0,,,,45.1,100.0,13.6,
146.726,4,1544.5,44.0,18.0,38.0,80.0,,,,,24.5
146.996,4,1537.5,44.0,18.0,,,60.0,45.1,100.0,,
147.241,4,1524.0,43.0,18.0,38.0,,,,,13.6,25.5
147.446,4,1508.5,43.0,18.0,,82.0,60.0,45.1,,,
147.650,4,1502.5,43.0,18.4,,,,,100.0,13.6,24.0
147.919,4,1483.5,42.0,21.6,45.5,82.0,60.0,,,,
148.140,4,1498.0,42.0,20.8,,,,45.1,100.0,13.6,
148.343,4,1477.5,42.0,20.8,48.2,83.0,,,,,21.0
148.583,4,1479.5,42.0,11.8,,,60.0,45.1,100.0,,
148.750,4,1844.5,41.0,10.2,10.2,,,,,13.7,-6.0
148.961,4,1663.0,40.0,13.3,,83.0,60.0,45.1,,,
149.297,4,1414.0,39.0,14.1,,,,,100.0,13.7,-3.0
149.502,4,1102.5,37.0,12.9,10.2,83.0,60.0,,,,
149.757,4,1198.5,37.0,16.5,,,,45.1,100.0,13.7,
150.041,4,1721.5,35.0,17.6,28.6,83.0,,,,,36.5
150.272,4,1563.0,35.0,17.3,,,60.0,45.1,100.0,,
150.516,4,1516.5,35.0,25.1,47.1,,,,,13.7,33.5
150.720,3,1559.0,36.0,22.7,,83.0,60.0,45.1,,,
150.989,3,1582.0,36.0,25.9,,,,,100.0,13.7,24.5
151.192,3,1608.5,37.0,25.9,70.2,83.0,60.0,,,,
151.399,3,1629.5,38.0,25.1,,,,45.1,100.0,13.7,
151.601,3,1673.5,38.0,24.7,70.2,83.0,,,,,18.5
151.810,3,1729.0,39.0,27.1,,,60.0,45.1,100.0,,
152.074,3,1753.5,41.0,31.0,78.8,,,,,13.6,19.5
152.279,3,1804.0,42.0,35.3,,83.0,60.0,45.1,,,
152.549,3,1929.5,44.0,38.0,,,,,100.0,13.7,19.5
152.751,3,1943.5,45.0,38.8,81.2,84.0,60.0,,,,
152.984,3,1943.5,46.0,29.8,,,,45.1,100.0,13.6,
153.161,3,2069.5,48.0,31.0,76.5,84.0,,,,,20.0
153.359,3,2125.0,49.0,31.0,,,60.0,45.1,100.0,,
153.530,3,2156.0,49.0,29.0,72.5,,,,,13.6,22.5
153.733,3,2184.5,50.0,30.2,,85.0,60.0,45.1,,,
153.971,3,2184.5,51.0,25.9,,,,,100.0,13.6,18.5
154.268,3,2245.5,51.0,11.0,17.6,85.0,60.0,,,,
154.507,3,2091.0,49.0,14.1,,,,45.1,100.0,13.7,
154.779,3,1857.0,49.0,14.1,4.7,85.0,,,,,0.0
155.057,3,1456.5,47.0,14.1,,,61.0,45.1,100.0,,
155.249,3,1245.5,46.0,13.3,5.9,,,,,13.7,-3.0
155.508,3,1044.0,45.0,17.3,,86.0,61.0,45.1,,,
155.668,3,1129.0,44.0,17.6,,,,,100.0,13.7,24.5
155.871,0,1679.5,44.0,16.9,30.6,86.0,61.0,,,,
156.041,0,1515.5,43.0,31.0,,,,45.1,100.0,13.6,
156.285,0,1551.5,44.0,40.8,72.2,86.0,,,,,14.0
156.516,0,1539.5,44.0,25.5,,,61.0,45.1,100.0,,
156.816,4,1565.5,45.0,30.6,82.0,,,,,13.7,12.5
157.008,4,1593.5,46.0,30.6,,87.0,61.0,45.1,,,
157.246,4,1645.5,46.0,30.2,,,,,100.0,13.7,12.0
157.499,4,1663.5,47.0,27.5,77.6,87.0,61.0,,,,
157.756,4,1662.5,48.0,24.3,,,,45.1,100.0,13.7,
157.962,4,1686.0,48.0,21.2,57.6,88.0,,,,,14.0
158.166,4,1694.5,48.0,18.8,,,61.0,45.1,100.0,,
158.370,4,1666.0,48.0,17.3,38.8,,,,,13.6,16.5
158.573,4,1663.5,48.0,17.6,,88.0,61.0,45.1,,,
158.786,4,1679.0,48.0,17.6,,,,,100.0,13.7,39.0
158.992,4,1662.0,47.0,17.6,35.7,88.0,61.0,,,,
159.186,4,1644.0,47.0,17.3,,,,45.1,100.0,13.7,
159.391,4,1649.0,47.0,17.6,37.6,89.0,,,,,36.5
159.592,4,1642.5,47.0,17.6,,,62.0,45.1,100.0,,
159.796,4,1646.0,47.0,16.9,38.0,,,,,13.7,30.5
160.022,4,1631.5,47.0,16.9,,89.0,62.0,45.1,,,
160.266,4,1636.0,46.0,18.4,,,,,100.0,13.7,31.5
160.470,4,1628.0,46.0,20.0,42.0,90.0,62.0,,,,
160.674,4,1630.0,46.0,19.6,,,,45.1,100.0,13.7,
160.877,4,1635.5,47.0,18.4,45.9,90.0,,,,,32.0
161.146,4,1625.5,47.0,12.9,,,62.0,45.1,100.0,,
161.351,4,1590.0,46.0,11.0,13.3,,,,,13.7,1.5
161.551,4,1595.5,45.0,13.3,,91.0,62.0,45.1,,,
161.755,4,1557.0,44.0,14.1,,,,,100.0,13.7,-1.5
161.961,4,1526.5,43.0,16.1,0.0,92.0,61.0,,,,
162.233,4,1491.0,42.0,15.3,,,,45.1,100.0,13.7,
162.503,4,1455.5,41.0,14.9,0.0,92.0,,,,,-5.5
162.705,4,1415.0,39.0,14.9,,,61.0,45.1,100.0,,
162.872,4,1372.0,38.0,14.5,0.0,,,,,13.7,-6.0
163.075,4,1226.0,37.0,12.5,,93.0,61.0,45.1,,,
163.280,4,999.0,35.0,12.9,,,,,100.0,13.7,-6.0
163.483,4,957.5,34.0,12.5,9.4,93.0,61.0,,,,
163.685,4,836.0,32.0,12.2,,,,45.1,100.0,13.7,
163.902,4,765.0,30.0,11.8,14.9,94.0,,,,,2.0
164.106,0,728.5,28.0,12.2,,,61.0,45.1,100.0,,
164.376,0,700.0,26.0,12.2,16.1,,,,,13.7,3.0
164.575,0,689.0,24.0,12.2,,94.0,61.0,45.1,,,
164.780,0,677.0,23.0,12.2,,,,,100.0,13.6,6.0
165.053,0,685.5,21.0,12.2,15.7,94.0,61.0,,,,
165.311,0,696.5,19.0,12.2,,,,45.1,100.0,13.7,
165.485,0,677.0,18.0,12.2,15.7,95.0,,,,,3.0
165.688,0,694.5,17.0,12.2,,,61.0,45.1,100.0,,
165.878,0,691.0,16.0,12.2,16.1,,,,,13.6,3.5
166.083,0,689.5,15.0,12.2,,95.0,61.0,45.1,,,
166.312,0,677.0,14.0,12.2,,,,,100.0,13.6,3.0
166.583,0,679.5,13.0,12.2,16.9,96.0,61.0,,,,
166.733,0,683.5,13.0,17.3,,,,45.1,100.0,13.7,
166.911,0,892.5,13.0,12.9,24.7,96.0,,,,,19.5
167.180,0,892.5,12.0,13.3,,,61.0,45.1,100.0,,
167.425,0,1396.0,11.0,14.9,23.9,,,,,13.7,23.0
167.739,0,1355.0,12.0,14.9,,96.0,62.0,45.1,,,
167.942,0,1286.0,12.0,14.9,,,,,100.0,13.7,35.0
168.141,0,1308.0,12.0,14.9,26.7,96.0,62.0,,,,
168.342,0,1347.0,13.0,16.5,,,,45.1,100.0,13.7,
168.545,0,1364.5,13.0,15.7,30.2,96.0,,,,,33.5
168.769,1,1390.5,13.0,15.7,,,62.0,45.1,100.0,,
169.005,1,1399.5,13.0,15.7,30.2,,,,,13.7,35.0
169.210,1,1446.5,14.0,15.7,,97.0,62.0,45.1,,,
169.412,1,1476.5,14.0,16.1,,,,,100.0,13.7,35.0
169.687,1,1514.0,15.0,16.5,30.6,97.0,62.0,,,,
169.891,1,1585.0,15.0,16.5,,,,45.1,100.0,13.7,
170.095,1,1620.5,16.0,16.5,30.2,97.0,,,,,45.0
170.301,1,1710.0,17.0,16.9,,,62.0,45.1,100.0,,
170.505,1,1772.5,18.0,17.3,29.4,,,,,13.7,36.0
170.725,1,1869.5,19.0,17.3,,97.0,62.0,45.1,,,
170.968,1,2111.0,20.0,17.3,,,,,100.0,13.7,48.5
171.173,1,2228.0,22.0,18.0,27.1,97.0,62.0,,,,
171.321,1,2357.5,23.0,19.2,,,,45.1,100.0,13.7,
171.523,1,2357.5,24.0,19.2,28.6,96.0,,,,,46.5
171.752,1,2702.0,26.0,21.6,,,62.0,45.1,100.0,,
171.920,1,2800.0,27.0,21.6,37.3,,,,,13.7,42.0
172.111,1,2800.0,29.0,22.4,,97.0,62.0,45.1,,,
172.316,1,3004.5,30.0,22.4,,,,,100.0,13.6,43.5
172.585,1,3301.0,32.0,9.8,11.4,97.0,62.0,,,,
172.788,1,2933.5,33.0,16.5,,,,45.1,100.0,13.7,
173.116,1,2631.5,33.0,16.9,2.7,97.0,,,,,2.0
173.290,1,2346.0,34.0,15.3,,,62.0,45.1,100.0,,
173.426,1,2099.5,34.0,19.6,16.9,,,,,13.7,42.5
173.600,1,2104.0,34.0,18.8,,97.0,62.0,45.1,,,
173.766,1,2138.0,35.0,23.1,,,,,100.0,13.7,46.5
173.941,1,2217.5,37.0,23.1,47.1,97.0,62.0,,,,
174.142,2,2300.0,38.0,22.7,,,,45.1,100.0,13.6,
174.346,2,2411.5,40.0,22.4,45.1,97.0,,,,,36.5
174.550,2,2516.5,42.0,21.6,,,62.0,45.1,100.0,,
174.755,2,2614.5,43.0,21.6,39.2,,,,,13.6,41.0
174.957,2,2714.0,45.0,22.0,,97.0,63.0,45.1,,,
175.226,2,2796.0,47.0,18.4,,,,,100.0,13.6,44.0
175.391,2,2859.5,48.0,18.4,26.7,98.0,63.0,,,,
175.592,2,2913.0,49.0,12.9,,,,45.1,100.0,13.7,
175.879,2,2926.5,49.0,16.5,11.0,98.0,,,,,32.0
176.126,2,2964.5,49.0,16.9,,,63.0,45.1,100.0,,
176.330,2,2969.0,49.0,19.6,0.0,,,,,13.7,2.0
176.530,2,2958.0,49.0,18.8,,98.0,63.0,45.1,,,
176.733,2,2936.0,49.0,18.4,,,,,100.0,13.7,2.0
176.935,2,2931.5,49.0,18.4,0.0,98.0,63.0,,,,
177.160,2,2931.5,48.0,18.4,,,,45.1,100.0,13.7,
177.366,2,2912.0,48.0,18.4,0.0,98.0,,,,,2.0
177.577,2,2907.5,48.0,18.4,,,63.0,45.1,100.0,,
177.783,2,2906.5,48.0,18.4,0.0,,,,,13.7,2.0
177.985,2,2902.5,48.0,18.4,,99.0,63.0,45.1,,,
178.149,2,2892.5,48.0,18.4,,,,,100.0,13.7,5.0
178.300,2,2901.0,48.0,18.4,0.0,99.0,63.0,,,,
178.502,2,2901.0,48.0,18.4,,,,45.1,100.0,13.7,
178.706,2,2891.0,48.0,18.4,0.0,99.0,,,,,9.0
178.910,2,2888.5,48.0,18.4,,,63.0,45.1,100.0,,
179.116,2,2889.5,48.0,18.4,0.0,,,,,13.7,9.0
179.404,2,2896.0,48.0,18.4,,100.0,63.0,45.1,,,
179.611,2,2886.5,48.0,18.4,,,,,100.0,13.7,9.0
179.825,2,2885.5,48.0,18.4,0.0,100.0,63.0,,,,
180.029,2,2894.0,48.0,18.4,,,,45.1,100.0,13.7,
180.233,2,2894.5,48.0,18.4,0.0,101.0,,,,,9.0
180.504,2,2898.5,48.0,18.4,,,63.0,45.1,100.0,,
180.691,2,2910.5,48.0,18.4,0.0,,,,,13.7,9.0
180.892,2,2910.5,48.0,18.4,,101.0,63.0,45.1,,,
181.096,2,2912.0,48.0,18.4,,,,,100.0,13.7,9.0
181.300,2,2915.0,48.0,18.4,0.0,101.0,64.0,,,,
181.630,2,2933.5,49.0,18.4,,,,45.1,100.0,13.7,
181.836,2,2935.5,49.0,18.4,0.0,101.0,,,,,9.5
182.040,2,2944.0,49.0,18.4,,,64.0,45.1,100.0,,
182.210,2,2952.5,49.0,18.4,0.0,,,,,13.7,9.5
182.377,2,2956.0,49.0,18.4,,101.0,64.0,45.1,,,
182.579,2,2964.5,49.0,18.4,,,,,100.0,13.7,9.5
182.783,2,2972.5,49.0,18.4,0.0,101.0,64.0,,,,
182.986,2,2975.0,49.0,18.4,,,,45.1,100.0,13.7,
183.190,2,2980.5,49.0,18.4,0.0,102.0,,,,,9.5
183.395,2,2989.5,49.0,18.4,,,64.0,45.1,100.0,,
183.666,2,2992.5,50.0,18.4,0.0,,,,,13.7,9.5
183.936,2,2985.0,50.0,18.4,,100.0,64.0,45.1,,,
184.140,2,2970.0,49.0,18.4,,,,,100.0,13.7,9.5
184.343,2,2977.0,49.0,18.4,0.0,96.0,64.0,,,,
184.549,2,2962.5,49.0,18.4,,,,45.1,100.0,13.7,
184.771,2,2961.0,49.0,18.4,0.0,93.0,,,,,9.5
184.961,2,2955.0,49.0,18.4,,,64.0,45.1,100.0,,
185.176,2,2943.5,49.0,18.4,0.0,,,,,13.7,9.5
185.360,2,2947.0,49.0,18.4,,89.0,64.0,45.1,,,
185.563,2,2942.5,49.0,18.4,,,,,100.0,13.7,9.5
185.833,2,2938.0,49.0,18.4,0.0,88.0,64.0,,,,
186.037,2,2939.5,49.0,18.4,,,,45.1,100.0,13.7,
186.242,2,2947.5,49.0,18.4,0.0,86.0,,,,,9.5
186.420,2,2944.0,49.0,18.4,,,65.0,45.1,100.0,,
186.622,2,2950.0,49.0,18.4,0.0,,,,,13.7,9.5
186.891,2,2962.5,49.0,18.4,,86.0,65.0,45.1,,,
187.095,2,2977.0,49.0,18.4,,,,,100.0,13.7,9.5
187.299,2,2976.5,49.0,18.4,0.0,85.0,65.0,,,,
187.480,2,2987.0,50.0,18.4,,,,45.1,100.0,13.7,
187.621,2,2992.5,50.0,18.4,0.0,85.0,,,,,9.5
187.890,2,3005.5,50.0,18.4,,,65.0,45.1,100.0,,
188.093,2,3008.5,50.0,18.8,0.0,,,,,13.7,10.5
188.295,2,3012.0,50.0,18.8,,85.0,65.0,45.1,,,
188.499,2,3015.5,50.0,18.8,,,,,100.0,13.7,10.5
188.701,2,3027.0,50.0,18.8,0.0,85.0,65.0,,,,
188.906,2,3035.5,50.0,18.8,,,,45.1,100.0,13.7,
189.176,2,3033.0,50.0,18.8,0.0,85.0,,,,,10.5
189.380,2,3037.5,50.0,18.8,,,65.0,45.1,100.0,,
189.583,2,3031.5,50.0,18.8,0.0,,,,,13.7,10.5
189.790,2,3036.0,50.0,18.8,,85.0,65.0,45.1,,,
190.061,2,3022.0,50.0,18.8,,,,,100.0,13.7,10.5
190.241,2,3017.0,50.0,18.8,0.0,85.0,65.0,,,,
190.418,2,3006.5,50.0,18.8,,,,45.1,100.0,13.6,
190.590,2,2993.0,49.0,18.8,0.0,86.0,,,,,9.5
190.772,2,2981.0,49.0,18.8,,,65.0,45.1,100.0,,
190.950,2,2966.5,49.0,18.8,0.0,,,,,13.7,9.5
191.117,2,2966.5,49.0,18.8,,86.0,65.0,45.1,,,
191.378,2,2908.5,48.0,18.4,,,,,100.0,13.7,9.0
191.583,2,2888.0,48.0,18.4,0.0,86.0,66.0,,,,
191.786,2,2869.0,47.0,14.1,,,,45.1,100.0,13.6,
191.938,2,2870.5,47.0,16.5,5.5,86.0,,,,,6.5
192.121,2,2856.0,47.0,16.9,,,66.0,45.1,100.0,,
192.301,2,2856.0,47.0,16.9,8.6,,,,,13.6,20.0
192.495,2,2853.0,47.0,16.9,,86.0,66.0,45.1,,,
192.671,2,2842.5,47.0,16.9,,,,,100.0,13.7,24.5
192.838,2,2883.5,47.0,16.9,10.2,86.0,66.0,,,,
192.990,2,2867.0,47.0,16.9,,,,45.1,100.0,13.7,
193.180,2,2864.0,47.0,16.9,10.2,86.0,,,,,23.0
193.451,2,2866.5,47.0,16.9,,,66.0,45.1,100.0,,
193.721,2,2866.0,47.0,16.9,3.9,,,,,13.7,6.0
193.899,2,2850.0,47.0,21.2,,87.0,66.0,45.1,,,
194.133,2,2829.5,47.0,19.2,,,,,100.0,13.7,2.0
194.401,2,2815.0,47.0,18.4,0.0,87.0,66.0,,,,
194.591,2,2792.0,46.0,18.4,,,,45.1,100.0,13.7,
194.816,2,2785.5,46.0,18.4,0.0,87.0,,,,,2.0
194.991,2,2772.0,46.0,18.4,,,66.0,45.1,100.0,,
195.192,2,2772.0,46.0,18.0,0.0,,,,,13.7,2.0
195.406,2,2759.0,46.0,18.0,,88.0,66.0,45.1,,,
195.546,2,2754.0,46.0,18.0,,,,,100.0,13.7,3.5
195.751,2,2744.0,45.0,18.0,0.0,88.0,67.0,,,,
195.988,2,2746.0,45.0,18.0,,,,45.1,100.0,13.7,
196.221,2,2744.5,45.0,18.0,0.0,88.0,,,,,7.5
196.466,2,2743.0,45.0,18.0,,,67.0,45.1,100.0,,
196.640,2,2753.5,45.0,18.0,0.0,,,,,13.7,7.5
196.849,2,2745.0,45.0,18.0,,89.0,67.0,45.1,,,
197.052,2,2747.5,45.0,18.0,,,,,100.0,13.7,7.5
197.299,2,2753.5,46.0,18.0,0.0,89.0,67.0,,,,
197.501,2,2754.5,46.0,18.0,,,,45.1,100.0,13.7,
197.703,2,2753.0,46.0,18.0,0.0,89.0,,,,,8.0
197.899,2,2764.5,46.0,18.0,,,67.0,45.1,100.0,,
198.101,2,2778.0,46.0,18.0,0.0,,,,,13.7,8.0
198.399,2,2784.5,46.0,18.0,,89.0,67.0,45.1,,,
198.561,2,2796.0,46.0,18.0,,,,,100.0,13.7,8.0
198.745,2,2811.0,46.0,18.0,0.0,90.0,67.0,,,,
198.906,2,2815.0,47.0,18.0,,,,45.1,100.0,13.7,
199.157,2,2815.0,47.0,18.0,0.0,90.0,,,,,8.0
199.363,2,2840.0,47.0,18.0,,,67.0,45.1,100.0,,
199.570,2,2847.5,47.0,18.0,0.0,,,,,13.7,9.0
199.772,2,2857.5,47.0,18.0,,91.0,67.0,45.1,,,
199.976,2,2860.0,47.0,18.4,,,,,100.0,13.7,9.0
200.201,2,2866.5,48.0,18.4,0.0,91.0,67.0,,,,
200.510,2,2876.5,48.0,18.4,,,,45.1,100.0,13.7,
200.651,2,2884.0,48.0,18.4,0.0,92.0,,,,,9.0
200.853,2,2888.0,48.0,18.4,,,67.0,45.1,100.0,,
201.058,2,2907.0,48.0,18.4,0.0,,,,,13.7,9.0
201.261,2,2895.0,48.0,18.4,,93.0,67.0,45.1,,,
201.466,2,2910.5,48.0,18.4,,,,,100.0,13.7,9.0
201.667,2,2915.0,48.0,18.4,0.0,93.0,68.0,,,,
201.803,2,2926.5,49.0,18.4,,,,45.1,100.0,13.7,
201.983,2,2930.5,49.0,18.4,0.0,93.0,,,,,9.5
202.185,2,2942.0,49.0,18.4,,,68.0,45.1,100.0,,
202.391,2,2942.5,49.0,18.4,0.0,,,,,13.7,9.5
202.608,2,2958.5,49.0,18.4,,94.0,68.0,45.1,,,
202.810,2,2962.0,49.0,18.4,,,,,100.0,13.7,9.5
203.028,2,2960.5,49.0,18.4,0.0,94.0,68.0,,,,
203.300,2,2985.5,49.0,18.4,,,,45.1,100.0,13.7,
203.616,2,2985.0,50.0,18.4,0.0,95.0,,,,,9.5
203.820,2,2993.0,50.0,18.8,,,68.0,45.1,100.0,,
204.012,2,3007.0,50.0,18.8,0.0,,,,,13.7,10.5
204.213,2,3008.0,50.0,18.8,,95.0,68.0,45.1,,,
204.418,2,3016.5,50.0,18.8,,,,,100.0,13.7,10.5
204.691,2,3026.0,50.0,18.8,0.0,95.0,68.0,,,,
204.893,2,3027.0,50.0,18.8,,,,45.1,100.0,13.7,
205.095,2,3033.0,50.0,18.8,0.0,95.0,,,,,10.5
205.302,2,3049.5,50.0,18.8,,,68.0,45.1,100.0,,
205.550,2,3059.5,51.0,18.8,0.0,,,,,13.7,10.5
205.726,2,3059.5,51.0,18.8,,95.0,68.0,45.1,,,
205.932,2,3065.5,51.0,18.8,,,,,100.0,13.6,10.5
206.147,2,3088.5,51.0,18.8,0.0,95.0,68.0,,,,
206.332,2,3088.0,51.0,18.8,,,,45.1,100.0,13.7,
206.533,2,3087.5,51.0,18.8,0.0,95.0,,,,,10.5
206.805,2,3094.0,51.0,18.8,,,69.0,45.1,100.0,,
207.051,2,3107.0,51.0,18.8,0.0,,,,,13.7,10.5
207.291,2,3099.0,52.0,18.8,,95.0,69.0,45.1,,,
207.493,2,3119.5,52.0,18.8,,,,,100.0,13.7,10.5
207.721,2,3126.0,52.0,18.8,0.0,95.0,69.0,,,,
207.888,2,3126.0,52.0,18.8,,,,45.1,100.0,13.7,
208.091,2,3129.5,52.0,18.8,0.0,95.0,,,,,10.5
208.278,2,3128.0,52.0,18.8,,,69.0,45.1,100.0,,
208.452,2,3118.5,51.0,18.8,0.0,,,,,13.7,10.5
208.655,2,3103.0,51.0,18.8,,95.0,69.0,45.1,,,
208.830,2,3074.5,51.0,18.8,,,,,100.0,13.7,10.5
209.083,2,3067.0,51.0,18.8,0.0,95.0,69.0,,,,
209.335,2,3034.5,50.0,18.8,,,,45.1,100.0,13.7,
209.501,2,3034.5,50.0,18.8,0.0,95.0,,,,,10.5
209.651,2,3016.5,50.0,18.8,,,69.0,45.1,100.0,,
209.852,2,3002.5,50.0,18.8,0.0,,,,,13.7,10.5
210.056,2,3006.5,50.0,18.8,,95.0,69.0,45.1,,,
210.262,2,2998.0,50.0,18.8,,,,,100.0,13.7,9.5
210.558,2,2994.5,50.0,18.8,0.0,95.0,69.0,,,,
210.761,2,3002.0,50.0,18.8,,,,45.1,100.0,13.7,
210.966,2,2998.0,50.0,18.8,0.0,95.0,,,,,9.5
211.232,2,2997.5,50.0,18.8,,,69.0,45.1,100.0,,
211.483,2,2998.5,50.0,18.8,0.0,,,,,13.7,9.5
211.752,2,2988.0,50.0,18.8,,95.0,69.0,45.1,,,
211.932,2,2981.0,49.0,18.8,,,,,100.0,13.7,9.5
212.133,2,2963.5,49.0,18.8,0.0,95.0,69.0,,,,
212.335,2,2939.5,49.0,18.8,,,,45.1,100.0,13.7,
212.540,2,2913.0,48.0,18.4,0.0,95.0,,,,,9.0
212.776,2,2870.5,48.0,18.4,,,70.0,45.1,100.0,,
212.996,2,2830.5,47.0,18.4,0.0,,,,,13.6,8.0
213.187,2,2779.0,46.0,18.4,,96.0,70.0,45.1,,,
213.418,2,2744.0,45.0,18.4,,,,,100.0,13.7,7.5
213.611,2,2707.0,45.0,18.0,0.0,96.0,70.0,,,,
213.751,2,2668.5,44.0,18.0,,,,45.1,100.0,13.7,
213.883,2,2628.0,44.0,18.0,0.0,96.0,,,,,6.5
214.091,2,2628.0,43.0,18.0,,,70.0,45.1,100.0,,
214.302,2,2583.0,42.0,17.6,0.0,,,,,13.7,6.0
214.451,2,2550.0,42.0,17.6,,96.0,70.0,45.1,,,
214.628,2,2520.5,41.0,17.6,,,,,100.0,13.7,5.0
214.791,2,2491.0,41.0,17.6,0.0,96.0,70.0,,,,
214.985,2,2448.5,40.0,17.6,,,,45.1,100.0,13.7,
215.205,2,2434.5,40.0,17.6,0.0,96.0,,,,,4.5
215.401,2,2386.5,39.0,17.6,,,70.0,45.1,100.0,,
215.583,2,2375.5,39.0,17.6,0.0,,,,,13.7,3.5
215.811,2,2334.0,38.0,17.6,,96.0,70.0,45.1,,,
216.013,2,2323.5,38.0,17.3,,,,,100.0,13.7,3.0
216.185,2,2276.0,37.0,17.3,0.0,96.0,70.0,,,,
216.358,2,2244.0,37.0,17.3,,,,45.1,100.0,13.6,
216.521,2,2220.0,36.0,17.3,0.0,96.0,,,,,3.0
216.691,2,2220.0,37.0,17.3,,,70.0,45.1,100.0,,
216.849,2,2197.5,36.0,17.3,0.0,,,,,13.7,3.0
217.118,2,2175.5,36.0,17.3,,96.0,70.0,45.1,,,
217.321,2,2161.5,36.0,17.3,,,,,100.0,13.7,3.0
217.517,2,2143.5,35.0,17.3,0.0,96.0,70.0,,,,
217.728,2,2158.0,36.0,17.3,,,,45.1,100.0,13.7,
217.899,2,2144.5,35.0,17.3,0.0,96.0,,,,,3.0
218.101,2,2144.5,35.0,17.3,,,70.0,45.1,100.0,,
218.292,2,2128.0,34.0,16.9,0.0,,,,,13.7,3.0
218.471,2,2064.0,33.0,16.9,,96.0,70.0,45.1,,,
218.608,2,2015.5,33.0,16.1,,,,,100.0,13.7,-1.5
218.801,2,1954.5,32.0,16.5,0.0,96.0,70.0,,,,
219.002,2,1903.5,31.0,16.5,,,,45.1,100.0,13.7,
219.233,2,1600.5,31.0,12.2,2.4,96.0,,,,,0.0
219.462,2,1305.5,29.0,13.7,,,70.0,45.1,100.0,,
219.683,2,1113.5,28.0,12.9,9.0,,,,,13.7,-3.0
219.861,2,984.5,27.0,12.5,,96.0,70.0,45.1,,,
220.037,0,802.5,27.0,12.2,,,,,100.0,13.6,3.0
220.283,0,749.0,27.0,12.2,14.9,96.0,70.0,,,,
220.599,0,694.0,26.0,12.5,,,,45.1,100.0,13.7,
220.812,0,663.0,25.0,12.9,19.2,96.0,,,,,9.5
220.996,0,680.0,25.0,12.2,,,70.0,45.1,100.0,,
221.133,0,674.0,24.0,12.2,18.0,,,,,13.6,4.5
221.410,0,667.5,23.0,12.2,,96.0,70.0,45.1,,,
221.613,0,676.0,22.0,12.5,,,,,100.0,13.6,5.0
221.837,0,691.5,21.0,11.8,16.9,96.0,70.0,,,,
222.040,0,661.0,20.0,12.5,,,,45.1,100.0,13.6,
222.200,0,681.5,20.0,12.2,18.4,96.0,,,,,4.5
222.376,0,654.5,19.0,12.5,,,70.0,45.1,100.0,,
222.580,0,682.0,18.0,11.8,17.6,,,,,13.6,1.5
222.788,0,689.5,17.0,12.2,,96.0,70.0,45.1,,,
223.037,0,675.5,16.0,12.2,,,,,100.0,13.7,5.0
223.270,0,699.5,15.0,12.2,17.3,96.0,70.0,,,,
223.538,0,679.0,14.0,12.2,,,,45.1,100.0,13.6,
223.683,0,683.5,12.0,12.2,17.6,96.0,,,,,3.5
223.868,0,674.5,12.0,11.8,,,70.0,45.1,100.0,,
224.072,0,669.0,11.0,12.2,16.9,,,,,13.6,3.0
224.283,0,667.5,11.0,12.2,,96.0,70.0,45.1,,,
224.461,0,694.5,10.0,11.8,,,,,100.0,13.6,2.0
224.625,0,687.5,10.0,12.2,18.0,96.0,70.0,,,,
224.830,0,679.5,9.0,12.2,,,,45.1,100.0,13.7,
225.078,0,694.0,9.0,12.2,16.5,96.0,,,,,2.0
225.318,0,691.0,9.0,11.8,,,70.0,45.1,100.0,,
225.617,0,691.5,10.0,12.2,16.9,,,,,13.6,1.5
225.856,0,704.5,10.0,12.2,,96.0,70.0,45.1,,,
226.087,0,694.0,10.0,12.2,,,,,100.0,13.6,3.0
226.272,0,697.5,10.0,12.2,16.1,96.0,70.0,,,,
226.449,0,708.0,10.0,12.2,,,,45.1,100.0,13.7,
226.561,0,673.0,9.0,12.5,18.4,96.0,,,,,4.5
226.737,0,673.0,9.0,16.5,,,70.0,45.1,100.0,,
227.088,0,876.0,9.0,12.2,19.6,,,,,13.6,4.5
227.306,0,974.0,8.0,19.6,,96.0,70.0,45.1,,,
227.532,0,1006.5,9.0,15.3,,,,,100.0,13.6,3.5
227.734,0,1004.5,9.0,17.6,33.7,96.0,70.0,,,,
227.938,0,1051.5,10.0,16.1,,,,45.1,100.0,13.6,
228.196,0,1160.0,11.0,16.5,31.4,96.0,,,,,11.0
228.399,1,1230.0,12.0,16.1,,,70.0,45.1,100.0,,
228.583,1,1302.5,12.0,16.1,26.3,,,,,13.7,7.5
228.785,1,1342.5,13.0,16.1,,96.0,70.0,45.1,,,
228.990,1,1350.0,13.0,15.7,,,,,100.0,13.7,12.0
229.193,1,1416.5,13.0,15.7,23.9,96.0,70.0,,,,
229.399,1,1485.0,14.0,15.7,,,,45.1,100.0,13.7,
229.602,1,1454.5,14.0,15.7,23.5,96.0,,,,,16.5
229.853,1,1521.5,14.0,15.7,,,70.0,45.1,100.0,,
230.086,1,1568.5,15.0,15.7,22.7,,,,,13.7,20.0
230.368,1,1610.0,16.0,12.5,,96.0,70.0,45.1,,,
230.572,1,1318.0,16.0,13.7,,,,,100.0,13.7,-3.0
230.751,1,1135.0,15.0,12.9,7.1,96.0,70.0,,,,
230.983,0,993.5,15.0,12.9,,,,45.1,100.0,13.7,
231.161,0,960.0,15.0,12.9,7.1,96.0,,,,,-4.0
231.338,0,827.0,15.0,12.5,,,70.0,45.1,100.0,,
231.505,0,827.0,15.0,26.3,27.8,,,,,13.7,27.0
231.676,0,1011.0,14.0,27.5,,96.0,70.0,45.1,,,
231.916,0,2236.5,14.0,10.6,,,,,100.0,13.7,-2.5
232.121,0,2683.0,14.0,30.2,49.4,96.0,70.0,,,,
232.349,0,3695.0,14.0,10.2,,,,45.1,100.0,13.7,
232.533,0,3695.0,14.0,17.3,2.7,96.0,,,,,5.0
232.786,0,3018.0,14.0,18.0,,,70.0,45.1,100.0,,
232.988,0,2748.0,14.0,17.3,3.5,,,,,13.7,3.5
233.183,0,2486.0,14.0,16.9,,97.0,70.0,45.1,,,
233.349,0,2262.5,13.0,15.7,,,,,100.0,13.7,2.0
233.551,0,2057.5,13.0,15.3,4.3,96.0,71.0,,,,
233.721,0,1831.0,13.0,14.9,,,,45.1,100.0,13.7,
233.923,0,1831.0,13.0,14.9,3.9,94.0,,,,,0.5
234.221,0,1405.0,13.0,13.7,,,71.0,45.1,100.0,,
234.371,0,1252.5,13.0,13.7,9.4,,,,,13.6,6.5
234.586,0,1016.5,13.0,13.3,,91.0,71.0,45.1,,,
234.755,0,812.0,14.0,12.2,,,,,100.0,13.6,18.0
234.902,0,847.0,14.0,12.5,20.8,90.0,71.0,,,,
235.041,0,847.0,14.0,12.5,,,,45.1,100.0,13.7,
235.179,0,874.5,14.0,12.5,21.2,89.0,,,,,28.5
235.385,0,891.5,14.0,12.5,,,71.0,45.1,100.0,,
235.561,0,907.5,14.0,12.5,22.0,,,,,13.7,30.0
235.763,0,908.5,14.0,12.5,,89.0,71.0,45.1,,,
236.020,0,907.5,15.0,12.5,,,,,100.0,13.7,30.0
236.291,0,916.5,15.0,12.5,21.6,89.0,71.0,,,,
236.483,2,930.0,15.0,12.5,,,,45.1,100.0,13.7,
236.759,2,936.0,15.0,12.5,20.8,89.0,,,,,26.0
237.023,2,965.5,16.0,12.5,,,71.0,45.1,100.0,,
237.227,2,981.0,16.0,12.5,19.6,,,,,13.7,25.5
237.433,2,997.0,16.0,12.9,,89.0,71.0,45.1,,,
237.601,2,1037.0,17.0,12.9,,,,,100.0,13.7,27.5
237.791,2,1026.0,16.0,12.9,19.6,89.0,71.0,,,,
237.971,2,1026.0,16.0,12.9,,,,45.1,100.0,13.7,
238.240,2,1026.5,17.0,12.9,20.0,89.0,,,,,36.0
238.442,2,1052.0,17.0,12.9,,,71.0,45.1,100.0,,
238.633,2,1060.0,17.0,12.9,20.0,,,,,13.7,36.0
238.816,2,1056.5,17.0,12.9,,89.0,71.0,45.1,,,
238.995,2,1072.0,18.0,12.9,,,,,100.0,13.7,36.0
239.307,2,1091.5,18.0,12.9,19.2,89.0,71.0,,,,
239.504,2,987.0,18.0,12.2,,,,45.1,100.0,13.6,
239.701,2,789.0,18.0,12.5,12.9,89.0,,,,,11.0
239.841,2,724.5,18.0,12.9,,,71.0,45.1,100.0,,
240.094,0,720.5,18.0,12.2,16.5,,,,,13.6,7.5
240.299,0,687.0,18.0,12.2,,89.0,71.0,45.1,,,
240.501,0,703.0,17.0,12.9,,,,,100.0,13.6,10.5
240.705,0,688.5,17.0,11.8,14.9,89.0,71.0,,,,
240.843,0,710.5,17.0,12.2,,,,45.1,100.0,13.7,
241.038,0,686.5,17.0,11.8,15.3,89.0,,,,,4.5
241.182,0,682.5,16.0,12.2,,,71.0,45.1,100.0,,
241.358,0,694.0,16.0,12.2,17.3,,,,,13.7,5.0
241.483,0,694.0,16.0,12.5,,89.0,71.0,45.1,,,
241.683,0,691.0,15.0,11.8,,,,,100.0,13.6,6.0
241.878,0,683.5,15.0,12.2,17.3,89.0,71.0,,,,
242.012,0,667.0,15.0,12.2,,,,45.1,100.0,13.7,
242.151,0,665.0,14.0,12.2,16.1,89.0,,,,,5.0
242.351,0,683.5,14.0,11.8,,,71.0,45.1,100.0,,
242.501,0,702.5,13.0,11.8,15.3,,,,,13.7,6.5
242.661,0,702.5,13.0,12.2,,89.0,71.0,45.1,,,
242.918,0,690.0,13.0,12.2,,,,,100.0,13.7,4.5
243.068,0,693.0,12.0,12.5,18.0,89.0,71.0,,,,
243.308,0,683.0,12.0,12.2,,,,45.1,100.0,13.7,
243.511,0,693.0,11.0,12.2,16.5,89.0,,,,,3.5
243.716,0,679.0,11.0,12.2,,,71.0,45.1,100.0,,
243.888,0,698.5,10.0,12.2,16.5,,,,,13.6,4.5
244.086,0,690.0,9.0,12.2,,90.0,71.0,45.1,,,
244.321,0,702.5,9.0,11.8,,,,,100.0,13.6,3.5
244.542,0,702.5,8.0,12.5,17.3,90.0,71.0,,,,
244.811,0,679.5,7.0,12.5,,,,45.1,100.0,13.6,
245.016,0,650.5,6.0,12.9,18.0,90.0,,,,,6.5
245.239,0,715.5,5.0,11.4,,,71.0,45.1,100.0,,
245.383,0,688.0,5.0,11.8,14.5,,,,,13.7,3.5
245.702,0,694.5,4.0,12.2,,90.0,71.0,45.1,,,
245.971,0,665.0,2.0,12.5,,,,,100.0,13.7,6.5
246.178,0,693.0,2.0,12.2,17.6,90.0,71.0,,,,
246.533,0,696.0,1.0,11.8,,,,45.1,100.0,13.6,
246.806,0,687.0,0.0,12.2,15.7,91.0,,,,,6.0
246.958,0,698.0,0.0,11.8,,,71.0,45.1,100.0,,
247.236,0,683.0,0.0,12.2,16.5,,,,,13.6,3.5
247.536,0,670.0,0.0,12.2,,91.0,71.0,45.1,,,
247.747,0,698.5,0.0,12.2,,,,,100.0,13.7,5.0
247.957,0,684.5,0.0,12.2,15.7,91.0,71.0,,,,
248.201,0,688.5,0.0,11.8,,,,45.1,100.0,13.7,
248.416,0,690.0,0.0,11.8,15.3,92.0,,,,,4.5
248.700,0,678.0,0.0,12.2,,,71.0,45.1,100.0,,
248.961,0,680.5,0.0,12.5,16.9,,,,,13.7,6.5
249.225,0,692.0,0.0,11.8,,92.0,71.0,45.1,,,
249.376,0,636.0,0.0,29.8,,,,,100.0,13.5,18.0
249.549,0,803.0,0.0,12.9,32.9,92.0,71.0,,,,
249.692,0,803.0,0.0,13.7,,,,45.1,100.0,13.7,
249.857,0,1127.5,0.0,16.1,20.8,92.0,,,,,4.5
250.067,0,1176.5,1.0,15.3,,,71.0,45.1,100.0,,
250.399,0,1174.0,2.0,15.3,21.6,,,,,13.7,5.0
250.683,0,1168.0,3.0,14.9,,93.0,71.0,45.1,,,
250.927,0,1163.0,4.0,14.9,,,,,100.0,13.7,9.0
251.211,0,1130.0,5.0,14.9,23.1,93.0,71.0,,,,
251.368,0,1110.5,6.0,14.9,,,,45.1,100.0,13.7,
251.589,0,1081.0,7.0,14.5,25.5,94.0,,,,,9.0
251.779,0,959.5,8.0,14.1,,,72.0,45.1,100.0,,
251.961,0,892.0,8.0,10.2,14.1,,,,,13.5,-10.0
252.199,0,842.0,8.0,10.2,,94.0,71.0,45.1,,,
252.429,0,764.0,8.0,11.8,,,,,100.0,13.7,1.5
252.633,0,742.0,8.0,12.2,14.1,94.0,71.0,,,,
252.772,0,692.0,8.0,12.2,,,,45.1,100.0,13.8,
252.941,0,692.0,8.0,12.2,16.1,94.0,,,,,4.5
253.250,0,690.5,8.0,12.2,,,71.0,45.1,100.0,,
253.452,0,657.0,7.0,12.2,17.3,,,,,13.8,6.0
253.533,0,692.5,7.0,12.2,,95.0,71.0,45.1,,,
253.544,0,692.5,7.0,12.2,,,,,100.0,13.8,3.5
253.583,0,692.5,7.0,12.2,16.1,95.0,71.0,,,,
253.594,0,692.5,7.0,12.2,,,,45.1,100.0,13.8,
253.633,0,692.5,7.0,12.2,16.5,95.0,,,,,3.5
253.644,0,692.5,7.0,12.2,,,71.0,45.1,100.0,,
253.847,0,692.5,7.0,12.2,15.7,,,,,13.8,3.5
254.051,0,683.5,6.0,12.2,,95.0,71.0,45.1,,,
254.226,0,691.5,6.0,12.2,,,,,100.0,13.7,2.0
254.484,0,677.5,5.0,12.2,15.7,95.0,71.0,,,,
254.723,0,693.0,4.0,22.7,,,,45.1,100.0,13.7,
254.971,0,1075.5,3.0,12.9,20.0,95.0,,,,,-6.0
255.134,0,1293.5,3.0,15.7,,,71.0,45.1,100.0,,
255.358,0,1293.5,2.0,16.1,20.4,,,,,13.7,6.5
255.566,0,1523.0,1.0,16.9,,95.0,71.0,45.1,,,
255.736,0,1502.5,1.0,16.9,,,,,100.0,13.7,9.5
255.911,0,1398.0,1.0,16.9,27.1,95.0,71.0,,,,
256.147,0,1398.0,1.0,16.9,,,,45.1,100.0,13.7,
256.388,0,1312.5,1.0,16.9,29.4,95.0,,,,,14.0
256.637,0,1285.0,1.0,16.9,,,72.0,45.1,100.0,,
256.851,0,1234.0,1.0,16.9,31.4,,,,,13.7,10.5
257.116,0,1271.0,1.0,16.5,,95.0,72.0,45.1,,,
257.371,0,1197.5,2.0,15.7,,,,,100.0,13.7,11.0
257.571,0,1304.5,2.0,14.9,23.1,95.0,72.0,,,,
257.702,0,1304.5,1.0,15.7,,,,45.1,100.0,13.7,
257.891,0,1336.5,1.0,15.7,23.9,95.0,,,,,10.5
258.077,0,1307.0,1.0,15.7,,,72.0,45.1,100.0,,
258.301,0,1295.5,1.0,15.7,27.1,,,,,13.7,14.0
258.586,0,1263.5,1.0,15.7,,96.0,72.0,45.1,,,
258.826,0,1229.0,2.0,15.7,,,,,100.0,13.6,12.0
259.021,0,1188.0,2.0,15.7,28.6,96.0,72.0,,,,
259.161,0,1169.5,3.0,15.3,,,,45.1,100.0,13.7,
259.362,0,1147.5,3.0,15.3,30.2,96.0,,,,,12.0
259.566,0,1145.0,3.0,15.3,,,72.0,45.1,100.0,,
259.811,0,1095.0,4.0,13.3,23.9,,,,,13.7,11.0
260.157,0,888.5,4.0,13.7,,96.0,72.0,45.1,,,
260.341,0,916.5,4.0,12.5,,,,,100.0,13.6,-13.5
260.501,0,916.5,4.0,10.2,12.5,96.0,72.0,,,,
260.683,0,849.0,4.0,10.2,,,,45.1,100.0,13.6,
260.916,0,811.0,4.0,11.8,12.5,97.0,,,,,-5.5
261.158,0,722.0,3.0,12.2,,,71.0,45.1,100.0,,
261.347,0,675.5,3.0,12.2,16.9,,,,,13.7,3.5
261.576,0,682.0,2.0,12.2,,97.0,71.0,45.1,,,
261.797,0,673.5,2.0,12.2,,,,,100.0,13.7,6.0
262.007,0,672.0,2.0,12.2,16.5,97.0,71.0,,,,
262.236,0,675.5,2.0,12.2,,,,45.1,100.0,13.6,
262.439,0,690.5,1.0,12.2,17.3,97.0,,,,,2.0
262.706,0,657.0,1.0,12.2,,,71.0,45.1,100.0,,
262.909,0,680.5,1.0,12.2,16.1,,,,,13.7,2.0
263.182,0,678.0,1.0,12.2,,97.0,71.0,45.1,,,
263.351,0,657.0,0.0,12.2,,,,,100.0,13.6,3.5
263.616,0,680.0,0.0,12.2,16.5,97.0,71.0,,,,
263.782,0,672.0,0.0,12.2,,,,45.1,100.0,13.6,
264.033,0,670.0,0.0,12.2,16.9,98.0,,,,,3.5
264.337,0,664.0,0.0,12.5,,,71.0,45.1,100.0,,
264.593,0,659.5,0.0,12.2,16.1,,,,,13.7,6.0
264.796,0,694.5,0.0,23.1,,98.0,71.0,45.1,,,
264.999,0,705.5,0.0,14.9,,,,,100.0,13.5,-7.0
265.204,0,803.0,0.0,13.7,22.7,98.0,72.0,,,,
265.469,0,847.0,0.0,12.5,,,,45.1,100.0,13.7,
265.742,0,812.0,0.0,10.2,12.9,98.0,,,,,-5.5
265.999,0,702.0,0.0,12.2,,,72.0,45.1,100.0,,
266.251,0,657.0,0.0,12.2,19.2,,,,,13.7,3.0
266.503,0,701.0,0.0,12.2,,98.0,72.0,45.1,,,
266.807,0,687.5,0.0,12.2,,,,,100.0,13.6,0.5
266.971,0,694.5,0.0,12.2,16.9,99.0,72.0,,,,
267.151,0,655.5,0.0,12.2,,,,45.1,100.0,13.7,
267.353,0,564.5,0.0,11.0,0.0,99.0,,,,,-7.5
267.647,0,335.0,0.0,17.6,,,72.0,45.1,100.0,,
267.857,0,0.0,0.0,21.2,0.0,,,,,12.6,-7.5
268.111,0,0.0,0.0,11.8,,99.0,72.0,45.1,,,
268.318,0,0.0,0.0,11.8,,,,,100.0,12.6,-7.5
268.516,0,0.0,0.0,11.8,0.0,99.0,72.0,,,,
268.717,0,0.0,0.0,11.8,,,,45.1,100.0,12.6,
268.916,0,0.0,0.0,11.8,0.0,99.0,,,,,-7.5
269.119,0,0.0,0.0,11.8,,,72.0,45.1,100.0,,
269.301,0,0.0,0.0,11.8,0.0,,,,,12.5,-7.5
269.536,0,0.0,0.0,11.8,,99.0,72.0,45.1,,,
269.711,0,0.0,0.0,11.8,,,,,100.0,12.5,-7.5
269.888,0,0.0,0.0,11.8,0.0,99.0,72.0,,,,
270.158,0,0.0,0.0,11.8,,,,45.1,100.0,12.5,
270.361,0,0.0,0.0,11.8,0.0,99.0,,,,,-7.5
270.566,0,0.0,0.0,11.8,,,72.0,45.1,100.0,,
270.767,0,0.0,0.0,11.8,0.0,,,,,12.5,-7.5
270.971,0,0.0,0.0,11.8,,99.0,71.0,45.1,,,
271.158,0,0.0,0.0,11.8,,,,,100.0,12.4,-7.5
271.359,0,0.0,0.0,11.8,0.0,99.0,71.0,,,,
